Workbook

Sheet สรุป
F1: ตั้งแต่วันที่ | G1: ถึงวันที่
F2: 46182 | G2: 46225 | J2: เพิ่มสโตร์ไซต์งานจากคอลัมน์นี้
B3: อัพเดทปัจจุบัน | C3: =TODAY() -> 46226 | F3: สโตร์ | J3: ไซต์งาน | R3: อื่นๆ | V3: ยอดตั้งต้น/ปรับยอด | Z3: สถานที่
F4: 1 | G4: 2 | H4: 3 | I4: 4 | J4: 5 | K4: 6 | L4: 7 | M4: 8 | N4: 9 | O4: 10 | P4: 11 | Q4: 12 | R4: 13 | Y4: 1 | Z4: 2 | AA4: 3 | AB4: 4 | AC4: 5 | AD4: 6 | AE4: 7 | AF4: 8 | AG4: 9 | AH4: 10 | AI4: 11 | AJ4: 12 | AK4: 13
B5: หมวดหมู่ | C5: รายการวัสดุ-อุปกรณ์ | D5: จำนวนรวม | E5: หน่วย | F5: สโตร์พงษ์เพชร | G5: สโตร์ออฟฟิศ | H5: สโตร์รัตนา | I5: สโตร์ไทรน้อย | J5: เอกมัย | K5: วอลโว่ | L5: งานซ่อม | M5: กบินทร์บุรี | N5: โกดังพี่เบิ้ล | O5: โรงเรียนแนช | P5: โตโยต้า นครพิงค์ | Q5: เช่า | R5: ร้านซ่อม | S5: หมายเหตุ | T5: ร้านค้า | U5: Column1 | V5: รายการวัสดุ-อุปกรณ์2 | W5: จำนวนรวม3 | X5: หน่วย4 | Y5: สโตร์พงษ์เพชร | Z5: สโตร์ออฟฟิศ | AA5: สโตร์รัตนา | AB5: สโตร์ไทรน้อย | AC5: เอกมัย | AD5: วอลโว่ | AE5: งานซ่อม | AF5: กบินทร์บุรี | AG5: โกดังพี่เบิ้ล | AH5: โรงเรียนแนช | AI5: โตโยต้า นครพิงค์ | AJ5: เช่า | AK5: ร้านซ่อม | AL5: Column18
B6: Safety | C6: เข็มขัดเซฟตี้ | D6: =SUMIF(F6:T6,">0") -> 8 | E6: อัน | F6: =Y6+SUMIFS('บันทึกของเข้า-ออก'!$J:$J,'บันทึกของเข้า-ออก'!$B:$B,สรุป!$C6,'บันทึกของเข้า-ออก'!$L:$L,สรุป!F$5,'บันทึกของเข้า-ออก'!$I:$I,">="&สรุป!$F$2,'บันทึกของเข้า-ออก'!$I:$I,"<="&สรุป!$G$2)-SUMIFS('บันทึกของเข้า-ออก'!$E:$E,'บันทึกของเข้า-ออก'!$B:$B,สรุป!$C6,'บันทึกของเข้า-ออก'!$F:$F,สรุป!F$5,'บันทึกของเข้า-ออก'!$D:$D,">="&สรุป!$F$2,'บันทึกของเข้า-ออก'!$D:$D,"<="&สรุป!$G$2) -> 0 | G6: =Z6+SUMIFS('บันทึกของเข้า-ออก'!$J:$J,'บันทึกของเข้า-ออก'!$B:$B,สรุป!$C6,'บันทึกของเข้า-ออก'!$L:$L,สรุป!G$5,'บันทึกของเข้า-ออก'!$I:$I,">="&สรุป!$F$2,'บันทึกของเข้า-ออก'!$I:$I,"<="&สรุป!$G$2)-SUMIFS('บันทึกของเข้า-ออก'!$E:$E,'บันทึกของเข้า-ออก'!$B:$B,สรุป!$C6,'บันทึกของเข้า-ออก'!$F:$F,สรุป!G$5,'บันทึกของเข้า-ออก'!$D:$D,">="&สรุป!$F$2,'บันทึกของเข้า-ออก'!$D:$D,"<="&สรุป!$G$2) -> 0 | H6: =AA6+SUMIFS('บันทึกของเข้า-ออก'!$J:$J,'บันทึกของเข้า-ออก'!$B:$B,สรุป!$C6,'บันทึกของเข้า-ออก'!$L:$L,สรุป!H$5,'บันทึกของเข้า-ออก'!$I:$I,">="&สรุป!$F$2,'บันทึกของเข้า-ออก'!$I:$I,"<="&สรุป!$G$2)-SUMIFS('บันทึกของเข้า-ออก'!$E:$E,'บันทึกของเข้า-ออก'!$B:$B,สรุป!$C6,'บันทึกของเข้า-ออก'!$F:$F,สรุป!H$5,'บันทึกของเข้า-ออก'!$D:$D,">="&สรุป!$F$2,'บันทึกของเข้า-ออก'!$D:$D,"<="&สรุป!$G$2) -> 1 | I6: =AB6+SUMIFS('บันทึกของเข้า-ออก'!$J:$J,'บันทึกของเข้า-ออก'!$B:$B,สรุป!$C6,'บันทึกของเข้า-ออก'!$L:$L,สรุป!I$5,'บันทึกของเข้า-ออก'!$I:$I,">="&สรุป!$F$2,'บันทึกของเข้า-ออก'!$I:$I,"<="&สรุป!$G$2)-SUMIFS('บันทึกของเข้า-ออก'!$E:$E,'บันทึกของเข้า-ออก'!$B:$B,สรุป!$C6,'บันทึกของเข้า-ออก'!$F:$F,สรุป!I$5,'บันทึกของเข้า-ออก'!$D:$D,">="&สรุป!$F$2,'บันทึกของเข้า-ออก'!$D:$D,"<="&สรุป!$G$2) -> 0 | J6: =AC6+SUMIFS('บันทึกของเข้า-ออก'!$J:$J,'บันทึกของเข้า-ออก'!$B:$B,สรุป!$C6,'บันทึกของเข้า-ออก'!$L:$L,สรุป!J$5,'บันทึกของเข้า-ออก'!$I:$I,">="&สรุป!$F$2,'บันทึกของเข้า-ออก'!$I:$I,"<="&สรุป!$G$2)-SUMIFS('บันทึกของเข้า-ออก'!$E:$E,'บันทึกของเข้า-ออก'!$B:$B,สรุป!$C6,'บันทึกของเข้า-ออก'!$F:$F,สรุป!J$5,'บันทึกของเข้า-ออก'!$D:$D,">="&สรุป!$F$2,'บันทึกของเข้า-ออก'!$D:$D,"<="&สรุป!$G$2) -> 5 | K6: =AD6+SUMIFS('บันทึกของเข้า-ออก'!$J:$J,'บันทึกของเข้า-ออก'!$B:$B,สรุป!$C6,'บันทึกของเข้า-ออก'!$L:$L,สรุป!K$5,'บันทึกของเข้า-ออก'!$I:$I,">="&สรุป!$F$2,'บันทึกของเข้า-ออก'!$I:$I,"<="&สรุป!$G$2)-SUMIFS('บันทึกของเข้า-ออก'!$E:$E,'บันทึกของเข้า-ออก'!$B:$B,สรุป!$C6,'บันทึกของเข้า-ออก'!$F:$F,สรุป!K$5,'บันทึกของเข้า-ออก'!$D:$D,">="&สรุป!$F$2,'บันทึกของเข้า-ออก'!$D:$D,"<="&สรุป!$G$2) -> 0 | L6: =AE6+SUMIFS('บันทึกของเข้า-ออก'!$J:$J,'บันทึกของเข้า-ออก'!$B:$B,สรุป!$C6,'บันทึกของเข้า-ออก'!$L:$L,สรุป!L$5,'บันทึกของเข้า-ออก'!$I:$I,">="&สรุป!$F$2,'บันทึกของเข้า-ออก'!$I:$I,"<="&สรุป!$G$2)-SUMIFS('บันทึกของเข้า-ออก'!$E:$E,'บันทึกของเข้า-ออก'!$B:$B,สรุป!$C6,'บันทึกของเข้า-ออก'!$F:$F,สรุป!L$5,'บันทึกของเข้า-ออก'!$D:$D,">="&สรุป!$F$2,'บันทึกของเข้า-ออก'!$D:$D,"<="&สรุป!$G$2) -> 0 | M6: =AF6+SUMIFS('บันทึกของเข้า-ออก'!$J:$J,'บันทึกของเข้า-ออก'!$B:$B,สรุป!$C6,'บันทึกของเข้า-ออก'!$L:$L,สรุป!M$5,'บันทึกของเข้า-ออก'!$I:$I,">="&สรุป!$F$2,'บันทึกของเข้า-ออก'!$I:$I,"<="&สรุป!$G$2)-SUMIFS('บันทึกของเข้า-ออก'!$E:$E,'บันทึกของเข้า-ออก'!$B:$B,สรุป!$C6,'บันทึกของเข้า-ออก'!$F:$F,สรุป!M$5,'บันทึกของเข้า-ออก'!$D:$D,">="&สรุป!$F$2,'บันทึกของเข้า-ออก'!$D:$D,"<="&สรุป!$G$2) -> 0 | ... R6: =AK6+SUMIFS('บันทึกของเข้า-ออก'!$J:$J,'บันทึกของเข้า-ออก'!$B:$B,สรุป!$C6,'บันทึกของเข้า-ออก'!$L:$L,สรุป!R$5,'บันทึกของเข้า-ออก'!$I:$I,">="&สรุป!$F$2,'บันทึกของเข้า-ออก'!$I:$I,"<="&สรุป!$G$2)-SUMIFS('บันทึกของเข้า-ออก'!$E:$E,'บันทึกของเข้า-ออก'!$B:$B,สรุป!$C6,'บันทึกของเข้า-ออก'!$F:$F,สรุป!R$5,'บันทึกของเข้า-ออก'!$D:$D,">="&สรุป!$F$2,'บันทึกของเข้า-ออก'!$D:$D,"<="&สรุป!$G$2) -> 0 | V6: =C6 -> เข็มขัดเซฟตี้ | W6: 8 | X6: อัน | Y6: 0 | Z6: 0 | AA6: 3 | AB6: 0 | AC6: 5 | AD6: 0 | AE6: 0 | AF6: 0 | AG6: 0 | AH6: 0 | AI6: 0 | AJ6: 0 | AK6: 0
B7: Safety | C7: เสื้อสะท้อนแสง | D7: =SUMIF(F7:T7,">0") -> 0 | E7: ตัว | F7: =Y7+SUMIFS('บันทึกของเข้า-ออก'!$J:$J,'บันทึกของเข้า-ออก'!$B:$B,สรุป!$C7,'บันทึกของเข้า-ออก'!$L:$L,สรุป!F$5,'บันทึกของเข้า-ออก'!$I:$I,">="&สรุป!$F$2,'บันทึกของเข้า-ออก'!$I:$I,"<="&สรุป!$G$2)-SUMIFS('บันทึกของเข้า-ออก'!$E:$E,'บันทึกของเข้า-ออก'!$B:$B,สรุป!$C7,'บันทึกของเข้า-ออก'!$F:$F,สรุป!F$5,'บันทึกของเข้า-ออก'!$D:$D,">="&สรุป!$F$2,'บันทึกของเข้า-ออก'!$D:$D,"<="&สรุป!$G$2) -> 0 | G7: =Z7+SUMIFS('บันทึกของเข้า-ออก'!$J:$J,'บันทึกของเข้า-ออก'!$B:$B,สรุป!$C7,'บันทึกของเข้า-ออก'!$L:$L,สรุป!G$5,'บันทึกของเข้า-ออก'!$I:$I,">="&สรุป!$F$2,'บันทึกของเข้า-ออก'!$I:$I,"<="&สรุป!$G$2)-SUMIFS('บันทึกของเข้า-ออก'!$E:$E,'บันทึกของเข้า-ออก'!$B:$B,สรุป!$C7,'บันทึกของเข้า-ออก'!$F:$F,สรุป!G$5,'บันทึกของเข้า-ออก'!$D:$D,">="&สรุป!$F$2,'บันทึกของเข้า-ออก'!$D:$D,"<="&สรุป!$G$2) -> 0 | H7: =AA7+SUMIFS('บันทึกของเข้า-ออก'!$J:$J,'บันทึกของเข้า-ออก'!$B:$B,สรุป!$C7,'บันทึกของเข้า-ออก'!$L:$L,สรุป!H$5,'บันทึกของเข้า-ออก'!$I:$I,">="&สรุป!$F$2,'บันทึกของเข้า-ออก'!$I:$I,"<="&สรุป!$G$2)-SUMIFS('บันทึกของเข้า-ออก'!$E:$E,'บันทึกของเข้า-ออก'!$B:$B,สรุป!$C7,'บันทึกของเข้า-ออก'!$F:$F,สรุป!H$5,'บันทึกของเข้า-ออก'!$D:$D,">="&สรุป!$F$2,'บันทึกของเข้า-ออก'!$D:$D,"<="&สรุป!$G$2) -> 0 | I7: =AB7+SUMIFS('บันทึกของเข้า-ออก'!$J:$J,'บันทึกของเข้า-ออก'!$B:$B,สรุป!$C7,'บันทึกของเข้า-ออก'!$L:$L,สรุป!I$5,'บันทึกของเข้า-ออก'!$I:$I,">="&สรุป!$F$2,'บันทึกของเข้า-ออก'!$I:$I,"<="&สรุป!$G$2)-SUMIFS('บันทึกของเข้า-ออก'!$E:$E,'บันทึกของเข้า-ออก'!$B:$B,สรุป!$C7,'บันทึกของเข้า-ออก'!$F:$F,สรุป!I$5,'บันทึกของเข้า-ออก'!$D:$D,">="&สรุป!$F$2,'บันทึกของเข้า-ออก'!$D:$D,"<="&สรุป!$G$2) -> 0 | J7: =AC7+SUMIFS('บันทึกของเข้า-ออก'!$J:$J,'บันทึกของเข้า-ออก'!$B:$B,สรุป!$C7,'บันทึกของเข้า-ออก'!$L:$L,สรุป!J$5,'บันทึกของเข้า-ออก'!$I:$I,">="&สรุป!$F$2,'บันทึกของเข้า-ออก'!$I:$I,"<="&สรุป!$G$2)-SUMIFS('บันทึกของเข้า-ออก'!$E:$E,'บันทึกของเข้า-ออก'!$B:$B,สรุป!$C7,'บันทึกของเข้า-ออก'!$F:$F,สรุป!J$5,'บันทึกของเข้า-ออก'!$D:$D,">="&สรุป!$F$2,'บันทึกของเข้า-ออก'!$D:$D,"<="&สรุป!$G$2) -> 0 | K7: =AD7+SUMIFS('บันทึกของเข้า-ออก'!$J:$J,'บันทึกของเข้า-ออก'!$B:$B,สรุป!$C7,'บันทึกของเข้า-ออก'!$L:$L,สรุป!K$5,'บันทึกของเข้า-ออก'!$I:$I,">="&สรุป!$F$2,'บันทึกของเข้า-ออก'!$I:$I,"<="&สรุป!$G$2)-SUMIFS('บันทึกของเข้า-ออก'!$E:$E,'บันทึกของเข้า-ออก'!$B:$B,สรุป!$C7,'บันทึกของเข้า-ออก'!$F:$F,สรุป!K$5,'บันทึกของเข้า-ออก'!$D:$D,">="&สรุป!$F$2,'บันทึกของเข้า-ออก'!$D:$D,"<="&สรุป!$G$2) -> 0 | L7: =AE7+SUMIFS('บันทึกของเข้า-ออก'!$J:$J,'บันทึกของเข้า-ออก'!$B:$B,สรุป!$C7,'บันทึกของเข้า-ออก'!$L:$L,สรุป!L$5,'บันทึกของเข้า-ออก'!$I:$I,">="&สรุป!$F$2,'บันทึกของเข้า-ออก'!$I:$I,"<="&สรุป!$G$2)-SUMIFS('บันทึกของเข้า-ออก'!$E:$E,'บันทึกของเข้า-ออก'!$B:$B,สรุป!$C7,'บันทึกของเข้า-ออก'!$F:$F,สรุป!L$5,'บันทึกของเข้า-ออก'!$D:$D,">="&สรุป!$F$2,'บันทึกของเข้า-ออก'!$D:$D,"<="&สรุป!$G$2) -> 0 | M7: =AF7+SUMIFS('บันทึกของเข้า-ออก'!$J:$J,'บันทึกของเข้า-ออก'!$B:$B,สรุป!$C7,'บันทึกของเข้า-ออก'!$L:$L,สรุป!M$5,'บันทึกของเข้า-ออก'!$I:$I,">="&สรุป!$F$2,'บันทึกของเข้า-ออก'!$I:$I,"<="&สรุป!$G$2)-SUMIFS('บันทึกของเข้า-ออก'!$E:$E,'บันทึกของเข้า-ออก'!$B:$B,สรุป!$C7,'บันทึกของเข้า-ออก'!$F:$F,สรุป!M$5,'บันทึกของเข้า-ออก'!$D:$D,">="&สรุป!$F$2,'บันทึกของเข้า-ออก'!$D:$D,"<="&สรุป!$G$2) -> 0 | ... S7: =AL7+SUMIFS('บันทึกของเข้า-ออก'!$J:$J,'บันทึกของเข้า-ออก'!$B:$B,สรุป!$C7,'บันทึกของเข้า-ออก'!$L:$L,สรุป!S$5,'บันทึกของเข้า-ออก'!$I:$I,">="&สรุป!$F$2,'บันทึกของเข้า-ออก'!$I:$I,"<="&สรุป!$G$2)-SUMIFS('บันทึกของเข้า-ออก'!$E:$E,'บันทึกของเข้า-ออก'!$B:$B,สรุป!$C7,'บันทึกของเข้า-ออก'!$F:$F,สรุป!S$5,'บันทึกของเข้า-ออก'!$D:$D,">="&สรุป!$F$2,'บันทึกของเข้า-ออก'!$D:$D,"<="&สรุป!$G$2) -> 0 | V7: เสื้อสะท้อนแสง | W7: 3 | X7: ตัว | Y7: 0 | Z7: 0 | AA7: 0 | AB7: 0 | AC7: 0 | AD7: 0 | AE7: 0 | AF7: 0 | AG7: 0 | AH7: 0 | AI7: 0 | AJ7: 0 | AK7: 0
B8: Safety | C8: ผ้ากันสะเก็ดไฟ | D8: =SUMIF(F8:T8,">0") -> 0 | E8: ผืน | F8: =Y8+SUMIFS('บันทึกของเข้า-ออก'!$J:$J,'บันทึกของเข้า-ออก'!$B:$B,สรุป!$C8,'บันทึกของเข้า-ออก'!$L:$L,สรุป!F$5,'บันทึกของเข้า-ออก'!$I:$I,">="&สรุป!$F$2,'บันทึกของเข้า-ออก'!$I:$I,"<="&สรุป!$G$2)-SUMIFS('บันทึกของเข้า-ออก'!$E:$E,'บันทึกของเข้า-ออก'!$B:$B,สรุป!$C8,'บันทึกของเข้า-ออก'!$F:$F,สรุป!F$5,'บันทึกของเข้า-ออก'!$D:$D,">="&สรุป!$F$2,'บันทึกของเข้า-ออก'!$D:$D,"<="&สรุป!$G$2) -> 0 | G8: =Z8+SUMIFS('บันทึกของเข้า-ออก'!$J:$J,'บันทึกของเข้า-ออก'!$B:$B,สรุป!$C8,'บันทึกของเข้า-ออก'!$L:$L,สรุป!G$5,'บันทึกของเข้า-ออก'!$I:$I,">="&สรุป!$F$2,'บันทึกของเข้า-ออก'!$I:$I,"<="&สรุป!$G$2)-SUMIFS('บันทึกของเข้า-ออก'!$E:$E,'บันทึกของเข้า-ออก'!$B:$B,สรุป!$C8,'บันทึกของเข้า-ออก'!$F:$F,สรุป!G$5,'บันทึกของเข้า-ออก'!$D:$D,">="&สรุป!$F$2,'บันทึกของเข้า-ออก'!$D:$D,"<="&สรุป!$G$2) -> 0 | H8: =AA8+SUMIFS('บันทึกของเข้า-ออก'!$J:$J,'บันทึกของเข้า-ออก'!$B:$B,สรุป!$C8,'บันทึกของเข้า-ออก'!$L:$L,สรุป!H$5,'บันทึกของเข้า-ออก'!$I:$I,">="&สรุป!$F$2,'บันทึกของเข้า-ออก'!$I:$I,"<="&สรุป!$G$2)-SUMIFS('บันทึกของเข้า-ออก'!$E:$E,'บันทึกของเข้า-ออก'!$B:$B,สรุป!$C8,'บันทึกของเข้า-ออก'!$F:$F,สรุป!H$5,'บันทึกของเข้า-ออก'!$D:$D,">="&สรุป!$F$2,'บันทึกของเข้า-ออก'!$D:$D,"<="&สรุป!$G$2) -> 0 | I8: =AB8+SUMIFS('บันทึกของเข้า-ออก'!$J:$J,'บันทึกของเข้า-ออก'!$B:$B,สรุป!$C8,'บันทึกของเข้า-ออก'!$L:$L,สรุป!I$5,'บันทึกของเข้า-ออก'!$I:$I,">="&สรุป!$F$2,'บันทึกของเข้า-ออก'!$I:$I,"<="&สรุป!$G$2)-SUMIFS('บันทึกของเข้า-ออก'!$E:$E,'บันทึกของเข้า-ออก'!$B:$B,สรุป!$C8,'บันทึกของเข้า-ออก'!$F:$F,สรุป!I$5,'บันทึกของเข้า-ออก'!$D:$D,">="&สรุป!$F$2,'บันทึกของเข้า-ออก'!$D:$D,"<="&สรุป!$G$2) -> 0 | J8: =AC8+SUMIFS('บันทึกของเข้า-ออก'!$J:$J,'บันทึกของเข้า-ออก'!$B:$B,สรุป!$C8,'บันทึกของเข้า-ออก'!$L:$L,สรุป!J$5,'บันทึกของเข้า-ออก'!$I:$I,">="&สรุป!$F$2,'บันทึกของเข้า-ออก'!$I:$I,"<="&สรุป!$G$2)-SUMIFS('บันทึกของเข้า-ออก'!$E:$E,'บันทึกของเข้า-ออก'!$B:$B,สรุป!$C8,'บันทึกของเข้า-ออก'!$F:$F,สรุป!J$5,'บันทึกของเข้า-ออก'!$D:$D,">="&สรุป!$F$2,'บันทึกของเข้า-ออก'!$D:$D,"<="&สรุป!$G$2) -> 0 | K8: =AD8+SUMIFS('บันทึกของเข้า-ออก'!$J:$J,'บันทึกของเข้า-ออก'!$B:$B,สรุป!$C8,'บันทึกของเข้า-ออก'!$L:$L,สรุป!K$5,'บันทึกของเข้า-ออก'!$I:$I,">="&สรุป!$F$2,'บันทึกของเข้า-ออก'!$I:$I,"<="&สรุป!$G$2)-SUMIFS('บันทึกของเข้า-ออก'!$E:$E,'บันทึกของเข้า-ออก'!$B:$B,สรุป!$C8,'บันทึกของเข้า-ออก'!$F:$F,สรุป!K$5,'บันทึกของเข้า-ออก'!$D:$D,">="&สรุป!$F$2,'บันทึกของเข้า-ออก'!$D:$D,"<="&สรุป!$G$2) -> 0 | L8: =AE8+SUMIFS('บันทึกของเข้า-ออก'!$J:$J,'บันทึกของเข้า-ออก'!$B:$B,สรุป!$C8,'บันทึกของเข้า-ออก'!$L:$L,สรุป!L$5,'บันทึกของเข้า-ออก'!$I:$I,">="&สรุป!$F$2,'บันทึกของเข้า-ออก'!$I:$I,"<="&สรุป!$G$2)-SUMIFS('บันทึกของเข้า-ออก'!$E:$E,'บันทึกของเข้า-ออก'!$B:$B,สรุป!$C8,'บันทึกของเข้า-ออก'!$F:$F,สรุป!L$5,'บันทึกของเข้า-ออก'!$D:$D,">="&สรุป!$F$2,'บันทึกของเข้า-ออก'!$D:$D,"<="&สรุป!$G$2) -> 0 | M8: =AF8+SUMIFS('บันทึกของเข้า-ออก'!$J:$J,'บันทึกของเข้า-ออก'!$B:$B,สรุป!$C8,'บันทึกของเข้า-ออก'!$L:$L,สรุป!M$5,'บันทึกของเข้า-ออก'!$I:$I,">="&สรุป!$F$2,'บันทึกของเข้า-ออก'!$I:$I,"<="&สรุป!$G$2)-SUMIFS('บันทึกของเข้า-ออก'!$E:$E,'บันทึกของเข้า-ออก'!$B:$B,สรุป!$C8,'บันทึกของเข้า-ออก'!$F:$F,สรุป!M$5,'บันทึกของเข้า-ออก'!$D:$D,">="&สรุป!$F$2,'บันทึกของเข้า-ออก'!$D:$D,"<="&สรุป!$G$2) -> 0 | ... R8: =AK8+SUMIFS('บันทึกของเข้า-ออก'!$J:$J,'บันทึกของเข้า-ออก'!$B:$B,สรุป!$C8,'บันทึกของเข้า-ออก'!$L:$L,สรุป!R$5,'บันทึกของเข้า-ออก'!$I:$I,">="&สรุป!$F$2,'บันทึกของเข้า-ออก'!$I:$I,"<="&สรุป!$G$2)-SUMIFS('บันทึกของเข้า-ออก'!$E:$E,'บันทึกของเข้า-ออก'!$B:$B,สรุป!$C8,'บันทึกของเข้า-ออก'!$F:$F,สรุป!R$5,'บันทึกของเข้า-ออก'!$D:$D,">="&สรุป!$F$2,'บันทึกของเข้า-ออก'!$D:$D,"<="&สรุป!$G$2) -> 0 | V8: =C8 -> ผ้ากันสะเก็ดไฟ | W8: 2 | X8: ผืน | Y8: 0 | Z8: 0 | AA8: 0 | AB8: 0 | AC8: 0 | AD8: 0 | AE8: 0 | AF8: 0 | AG8: 0 | AH8: 0 | AI8: 0 | AJ8: 0 | AK8: 0
B9: Safety | C9: ถังดับเพลิง | D9: =SUMIF(F9:T9,">0") -> 2 | E9: ถัง | F9: =Y9+SUMIFS('บันทึกของเข้า-ออก'!$J:$J,'บันทึกของเข้า-ออก'!$B:$B,สรุป!$C9,'บันทึกของเข้า-ออก'!$L:$L,สรุป!F$5,'บันทึกของเข้า-ออก'!$I:$I,">="&สรุป!$F$2,'บันทึกของเข้า-ออก'!$I:$I,"<="&สรุป!$G$2)-SUMIFS('บันทึกของเข้า-ออก'!$E:$E,'บันทึกของเข้า-ออก'!$B:$B,สรุป!$C9,'บันทึกของเข้า-ออก'!$F:$F,สรุป!F$5,'บันทึกของเข้า-ออก'!$D:$D,">="&สรุป!$F$2,'บันทึกของเข้า-ออก'!$D:$D,"<="&สรุป!$G$2) -> 0 | G9: 2 | H9: =AA9+SUMIFS('บันทึกของเข้า-ออก'!$J:$J,'บันทึกของเข้า-ออก'!$B:$B,สรุป!$C9,'บันทึกของเข้า-ออก'!$L:$L,สรุป!H$5,'บันทึกของเข้า-ออก'!$I:$I,">="&สรุป!$F$2,'บันทึกของเข้า-ออก'!$I:$I,"<="&สรุป!$G$2)-SUMIFS('บันทึกของเข้า-ออก'!$E:$E,'บันทึกของเข้า-ออก'!$B:$B,สรุป!$C9,'บันทึกของเข้า-ออก'!$F:$F,สรุป!H$5,'บันทึกของเข้า-ออก'!$D:$D,">="&สรุป!$F$2,'บันทึกของเข้า-ออก'!$D:$D,"<="&สรุป!$G$2) -> 0 | I9: =AB9+SUMIFS('บันทึกของเข้า-ออก'!$J:$J,'บันทึกของเข้า-ออก'!$B:$B,สรุป!$C9,'บันทึกของเข้า-ออก'!$L:$L,สรุป!I$5,'บันทึกของเข้า-ออก'!$I:$I,">="&สรุป!$F$2,'บันทึกของเข้า-ออก'!$I:$I,"<="&สรุป!$G$2)-SUMIFS('บันทึกของเข้า-ออก'!$E:$E,'บันทึกของเข้า-ออก'!$B:$B,สรุป!$C9,'บันทึกของเข้า-ออก'!$F:$F,สรุป!I$5,'บันทึกของเข้า-ออก'!$D:$D,">="&สรุป!$F$2,'บันทึกของเข้า-ออก'!$D:$D,"<="&สรุป!$G$2) -> 0 | J9: =AC9+SUMIFS('บันทึกของเข้า-ออก'!$J:$J,'บันทึกของเข้า-ออก'!$B:$B,สรุป!$C9,'บันทึกของเข้า-ออก'!$L:$L,สรุป!J$5,'บันทึกของเข้า-ออก'!$I:$I,">="&สรุป!$F$2,'บันทึกของเข้า-ออก'!$I:$I,"<="&สรุป!$G$2)-SUMIFS('บันทึกของเข้า-ออก'!$E:$E,'บันทึกของเข้า-ออก'!$B:$B,สรุป!$C9,'บันทึกของเข้า-ออก'!$F:$F,สรุป!J$5,'บันทึกของเข้า-ออก'!$D:$D,">="&สรุป!$F$2,'บันทึกของเข้า-ออก'!$D:$D,"<="&สรุป!$G$2) -> 0 | K9: =AD9+SUMIFS('บันทึกของเข้า-ออก'!$J:$J,'บันทึกของเข้า-ออก'!$B:$B,สรุป!$C9,'บันทึกของเข้า-ออก'!$L:$L,สรุป!K$5,'บันทึกของเข้า-ออก'!$I:$I,">="&สรุป!$F$2,'บันทึกของเข้า-ออก'!$I:$I,"<="&สรุป!$G$2)-SUMIFS('บันทึกของเข้า-ออก'!$E:$E,'บันทึกของเข้า-ออก'!$B:$B,สรุป!$C9,'บันทึกของเข้า-ออก'!$F:$F,สรุป!K$5,'บันทึกของเข้า-ออก'!$D:$D,">="&สรุป!$F$2,'บันทึกของเข้า-ออก'!$D:$D,"<="&สรุป!$G$2) -> 0 | L9: =AE9+SUMIFS('บันทึกของเข้า-ออก'!$J:$J,'บันทึกของเข้า-ออก'!$B:$B,สรุป!$C9,'บันทึกของเข้า-ออก'!$L:$L,สรุป!L$5,'บันทึกของเข้า-ออก'!$I:$I,">="&สรุป!$F$2,'บันทึกของเข้า-ออก'!$I:$I,"<="&สรุป!$G$2)-SUMIFS('บันทึกของเข้า-ออก'!$E:$E,'บันทึกของเข้า-ออก'!$B:$B,สรุป!$C9,'บันทึกของเข้า-ออก'!$F:$F,สรุป!L$5,'บันทึกของเข้า-ออก'!$D:$D,">="&สรุป!$F$2,'บันทึกของเข้า-ออก'!$D:$D,"<="&สรุป!$G$2) -> 0 | M9: =AF9+SUMIFS('บันทึกของเข้า-ออก'!$J:$J,'บันทึกของเข้า-ออก'!$B:$B,สรุป!$C9,'บันทึกของเข้า-ออก'!$L:$L,สรุป!M$5,'บันทึกของเข้า-ออก'!$I:$I,">="&สรุป!$F$2,'บันทึกของเข้า-ออก'!$I:$I,"<="&สรุป!$G$2)-SUMIFS('บันทึกของเข้า-ออก'!$E:$E,'บันทึกของเข้า-ออก'!$B:$B,สรุป!$C9,'บันทึกของเข้า-ออก'!$F:$F,สรุป!M$5,'บันทึกของเข้า-ออก'!$D:$D,">="&สรุป!$F$2,'บันทึกของเข้า-ออก'!$D:$D,"<="&สรุป!$G$2) -> 0 | N9: =AG9+SUMIFS('บันทึกของเข้า-ออก'!$J:$J,'บันทึกของเข้า-ออก'!$B:$B,สรุป!$C9,'บันทึกของเข้า-ออก'!$L:$L,สรุป!N$5,'บันทึกของเข้า-ออก'!$I:$I,">="&สรุป!$F$2,'บันทึกของเข้า-ออก'!$I:$I,"<="&สรุป!$G$2)-SUMIFS('บันทึกของเข้า-ออก'!$E:$E,'บันทึกของเข้า-ออก'!$B:$B,สรุป!$C9,'บันทึกของเข้า-ออก'!$F:$F,สรุป!N$5,'บันทึกของเข้า-ออก'!$D:$D,">="&สรุป!$F$2,'บันทึกของเข้า-ออก'!$D:$D,"<="&สรุป!$G$2) -> 0 | O9: =AH9+SUMIFS('บันทึกของเข้า-ออก'!$J:$J,'บันทึกของเข้า-ออก'!$B:$B,สรุป!$C9,'บันทึกของเข้า-ออก'!$L:$L,สรุป!O$5,'บันทึกของเข้า-ออก'!$I:$I,">="&สรุป!$F$2,'บันทึกของเข้า-ออก'!$I:$I,"<="&สรุป!$G$2)-SUMIFS('บันทึกของเข้า-ออก'!$E:$E,'บันทึกของเข้า-ออก'!$B:$B,สรุป!$C9,'บันทึกของเข้า-ออก'!$F:$F,สรุป!O$5,'บันทึกของเข้า-ออก'!$D:$D,">="&สรุป!$F$2,'บันทึกของเข้า-ออก'!$D:$D,"<="&สรุป!$G$2) -> 0 | ... R9: =AK9+SUMIFS('บันทึกของเข้า-ออก'!$J:$J,'บันทึกของเข้า-ออก'!$B:$B,สรุป!$C9,'บันทึกของเข้า-ออก'!$L:$L,สรุป!R$5,'บันทึกของเข้า-ออก'!$I:$I,">="&สรุป!$F$2,'บันทึกของเข้า-ออก'!$I:$I,"<="&สรุป!$G$2)-SUMIFS('บันทึกของเข้า-ออก'!$E:$E,'บันทึกของเข้า-ออก'!$B:$B,สรุป!$C9,'บันทึกของเข้า-ออก'!$F:$F,สรุป!R$5,'บันทึกของเข้า-ออก'!$D:$D,">="&สรุป!$F$2,'บันทึกของเข้า-ออก'!$D:$D,"<="&สรุป!$G$2) -> 0 | V9: =C9 -> ถังดับเพลิง | W9: 4 | X9: ถัง | Y9: 0 | Z9: 2 | AA9: 0 | AB9: 0 | AC9: 0 | AD9: 0 | AE9: 0 | AF9: 0 | AG9: 0 | AH9: 0 | AI9: 0 | AJ9: 0 | AK9: 0
B10: Safety | C10: หมวกเซฟตี้ | D10: =SUMIF(F10:T10,">0") -> 0 | E10: อัน | F10: =Y10+SUMIFS('บันทึกของเข้า-ออก'!$J:$J,'บันทึกของเข้า-ออก'!$B:$B,สรุป!$C10,'บันทึกของเข้า-ออก'!$L:$L,สรุป!F$5,'บันทึกของเข้า-ออก'!$I:$I,">="&สรุป!$F$2,'บันทึกของเข้า-ออก'!$I:$I,"<="&สรุป!$G$2)-SUMIFS('บันทึกของเข้า-ออก'!$E:$E,'บันทึกของเข้า-ออก'!$B:$B,สรุป!$C10,'บันทึกของเข้า-ออก'!$F:$F,สรุป!F$5,'บันทึกของเข้า-ออก'!$D:$D,">="&สรุป!$F$2,'บันทึกของเข้า-ออก'!$D:$D,"<="&สรุป!$G$2) -> 0 | G10: =Z10+SUMIFS('บันทึกของเข้า-ออก'!$J:$J,'บันทึกของเข้า-ออก'!$B:$B,สรุป!$C10,'บันทึกของเข้า-ออก'!$L:$L,สรุป!G$5,'บันทึกของเข้า-ออก'!$I:$I,">="&สรุป!$F$2,'บันทึกของเข้า-ออก'!$I:$I,"<="&สรุป!$G$2)-SUMIFS('บันทึกของเข้า-ออก'!$E:$E,'บันทึกของเข้า-ออก'!$B:$B,สรุป!$C10,'บันทึกของเข้า-ออก'!$F:$F,สรุป!G$5,'บันทึกของเข้า-ออก'!$D:$D,">="&สรุป!$F$2,'บันทึกของเข้า-ออก'!$D:$D,"<="&สรุป!$G$2) -> 0 | H10: =AA10+SUMIFS('บันทึกของเข้า-ออก'!$J:$J,'บันทึกของเข้า-ออก'!$B:$B,สรุป!$C10,'บันทึกของเข้า-ออก'!$L:$L,สรุป!H$5,'บันทึกของเข้า-ออก'!$I:$I,">="&สรุป!$F$2,'บันทึกของเข้า-ออก'!$I:$I,"<="&สรุป!$G$2)-SUMIFS('บันทึกของเข้า-ออก'!$E:$E,'บันทึกของเข้า-ออก'!$B:$B,สรุป!$C10,'บันทึกของเข้า-ออก'!$F:$F,สรุป!H$5,'บันทึกของเข้า-ออก'!$D:$D,">="&สรุป!$F$2,'บันทึกของเข้า-ออก'!$D:$D,"<="&สรุป!$G$2) -> 0 | I10: =AB10+SUMIFS('บันทึกของเข้า-ออก'!$J:$J,'บันทึกของเข้า-ออก'!$B:$B,สรุป!$C10,'บันทึกของเข้า-ออก'!$L:$L,สรุป!I$5,'บันทึกของเข้า-ออก'!$I:$I,">="&สรุป!$F$2,'บันทึกของเข้า-ออก'!$I:$I,"<="&สรุป!$G$2)-SUMIFS('บันทึกของเข้า-ออก'!$E:$E,'บันทึกของเข้า-ออก'!$B:$B,สรุป!$C10,'บันทึกของเข้า-ออก'!$F:$F,สรุป!I$5,'บันทึกของเข้า-ออก'!$D:$D,">="&สรุป!$F$2,'บันทึกของเข้า-ออก'!$D:$D,"<="&สรุป!$G$2) -> 0 | J10: =AC10+SUMIFS('บันทึกของเข้า-ออก'!$J:$J,'บันทึกของเข้า-ออก'!$B:$B,สรุป!$C10,'บันทึกของเข้า-ออก'!$L:$L,สรุป!J$5,'บันทึกของเข้า-ออก'!$I:$I,">="&สรุป!$F$2,'บันทึกของเข้า-ออก'!$I:$I,"<="&สรุป!$G$2)-SUMIFS('บันทึกของเข้า-ออก'!$E:$E,'บันทึกของเข้า-ออก'!$B:$B,สรุป!$C10,'บันทึกของเข้า-ออก'!$F:$F,สรุป!J$5,'บันทึกของเข้า-ออก'!$D:$D,">="&สรุป!$F$2,'บันทึกของเข้า-ออก'!$D:$D,"<="&สรุป!$G$2) -> 0 | K10: =AD10+SUMIFS('บันทึกของเข้า-ออก'!$J:$J,'บันทึกของเข้า-ออก'!$B:$B,สรุป!$C10,'บันทึกของเข้า-ออก'!$L:$L,สรุป!K$5,'บันทึกของเข้า-ออก'!$I:$I,">="&สรุป!$F$2,'บันทึกของเข้า-ออก'!$I:$I,"<="&สรุป!$G$2)-SUMIFS('บันทึกของเข้า-ออก'!$E:$E,'บันทึกของเข้า-ออก'!$B:$B,สรุป!$C10,'บันทึกของเข้า-ออก'!$F:$F,สรุป!K$5,'บันทึกของเข้า-ออก'!$D:$D,">="&สรุป!$F$2,'บันทึกของเข้า-ออก'!$D:$D,"<="&สรุป!$G$2) -> 0 | L10: =AE10+SUMIFS('บันทึกของเข้า-ออก'!$J:$J,'บันทึกของเข้า-ออก'!$B:$B,สรุป!$C10,'บันทึกของเข้า-ออก'!$L:$L,สรุป!L$5,'บันทึกของเข้า-ออก'!$I:$I,">="&สรุป!$F$2,'บันทึกของเข้า-ออก'!$I:$I,"<="&สรุป!$G$2)-SUMIFS('บันทึกของเข้า-ออก'!$E:$E,'บันทึกของเข้า-ออก'!$B:$B,สรุป!$C10,'บันทึกของเข้า-ออก'!$F:$F,สรุป!L$5,'บันทึกของเข้า-ออก'!$D:$D,">="&สรุป!$F$2,'บันทึกของเข้า-ออก'!$D:$D,"<="&สรุป!$G$2) -> 0 | M10: =AF10+SUMIFS('บันทึกของเข้า-ออก'!$J:$J,'บันทึกของเข้า-ออก'!$B:$B,สรุป!$C10,'บันทึกของเข้า-ออก'!$L:$L,สรุป!M$5,'บันทึกของเข้า-ออก'!$I:$I,">="&สรุป!$F$2,'บันทึกของเข้า-ออก'!$I:$I,"<="&สรุป!$G$2)-SUMIFS('บันทึกของเข้า-ออก'!$E:$E,'บันทึกของเข้า-ออก'!$B:$B,สรุป!$C10,'บันทึกของเข้า-ออก'!$F:$F,สรุป!M$5,'บันทึกของเข้า-ออก'!$D:$D,">="&สรุป!$F$2,'บันทึกของเข้า-ออก'!$D:$D,"<="&สรุป!$G$2) -> 0 | ... R10: =AK10+SUMIFS('บันทึกของเข้า-ออก'!$J:$J,'บันทึกของเข้า-ออก'!$B:$B,สรุป!$C10,'บันทึกของเข้า-ออก'!$L:$L,สรุป!R$5,'บันทึกของเข้า-ออก'!$I:$I,">="&สรุป!$F$2,'บันทึกของเข้า-ออก'!$I:$I,"<="&สรุป!$G$2)-SUMIFS('บันทึกของเข้า-ออก'!$E:$E,'บันทึกของเข้า-ออก'!$B:$B,สรุป!$C10,'บันทึกของเข้า-ออก'!$F:$F,สรุป!R$5,'บันทึกของเข้า-ออก'!$D:$D,">="&สรุป!$F$2,'บันทึกของเข้า-ออก'!$D:$D,"<="&สรุป!$G$2) -> 0 | V10: =C10 -> หมวกเซฟตี้ | W10: 18 | X10: อัน | Y10: 0 | Z10: 0 | AA10: 0 | AB10: 0 | AC10: 0 | AD10: 0 | AE10: 0 | AF10: 0 | AG10: 0 | AH10: 0 | AI10: 0 | AJ10: 0 | AK10: 0
B11: Safety | C11: แมสชีส 1.80x5.10 ม. | D11: =SUMIF(F11:T11,">0") -> 223 | E11: ผืน | F11: =Y11+SUMIFS('บันทึกของเข้า-ออก'!$J:$J,'บันทึกของเข้า-ออก'!$B:$B,สรุป!$C11,'บันทึกของเข้า-ออก'!$L:$L,สรุป!F$5,'บันทึกของเข้า-ออก'!$I:$I,">="&สรุป!$F$2,'บันทึกของเข้า-ออก'!$I:$I,"<="&สรุป!$G$2)-SUMIFS('บันทึกของเข้า-ออก'!$E:$E,'บันทึกของเข้า-ออก'!$B:$B,สรุป!$C11,'บันทึกของเข้า-ออก'!$F:$F,สรุป!F$5,'บันทึกของเข้า-ออก'!$D:$D,">="&สรุป!$F$2,'บันทึกของเข้า-ออก'!$D:$D,"<="&สรุป!$G$2) -> 0 | G11: =Z11+SUMIFS('บันทึกของเข้า-ออก'!$J:$J,'บันทึกของเข้า-ออก'!$B:$B,สรุป!$C11,'บันทึกของเข้า-ออก'!$L:$L,สรุป!G$5,'บันทึกของเข้า-ออก'!$I:$I,">="&สรุป!$F$2,'บันทึกของเข้า-ออก'!$I:$I,"<="&สรุป!$G$2)-SUMIFS('บันทึกของเข้า-ออก'!$E:$E,'บันทึกของเข้า-ออก'!$B:$B,สรุป!$C11,'บันทึกของเข้า-ออก'!$F:$F,สรุป!G$5,'บันทึกของเข้า-ออก'!$D:$D,">="&สรุป!$F$2,'บันทึกของเข้า-ออก'!$D:$D,"<="&สรุป!$G$2) -> 40 | H11: =AA11+SUMIFS('บันทึกของเข้า-ออก'!$J:$J,'บันทึกของเข้า-ออก'!$B:$B,สรุป!$C11,'บันทึกของเข้า-ออก'!$L:$L,สรุป!H$5,'บันทึกของเข้า-ออก'!$I:$I,">="&สรุป!$F$2,'บันทึกของเข้า-ออก'!$I:$I,"<="&สรุป!$G$2)-SUMIFS('บันทึกของเข้า-ออก'!$E:$E,'บันทึกของเข้า-ออก'!$B:$B,สรุป!$C11,'บันทึกของเข้า-ออก'!$F:$F,สรุป!H$5,'บันทึกของเข้า-ออก'!$D:$D,">="&สรุป!$F$2,'บันทึกของเข้า-ออก'!$D:$D,"<="&สรุป!$G$2) -> 175 | I11: =AB11+SUMIFS('บันทึกของเข้า-ออก'!$J:$J,'บันทึกของเข้า-ออก'!$B:$B,สรุป!$C11,'บันทึกของเข้า-ออก'!$L:$L,สรุป!I$5,'บันทึกของเข้า-ออก'!$I:$I,">="&สรุป!$F$2,'บันทึกของเข้า-ออก'!$I:$I,"<="&สรุป!$G$2)-SUMIFS('บันทึกของเข้า-ออก'!$E:$E,'บันทึกของเข้า-ออก'!$B:$B,สรุป!$C11,'บันทึกของเข้า-ออก'!$F:$F,สรุป!I$5,'บันทึกของเข้า-ออก'!$D:$D,">="&สรุป!$F$2,'บันทึกของเข้า-ออก'!$D:$D,"<="&สรุป!$G$2) -> 0 | J11: =AC11+SUMIFS('บันทึกของเข้า-ออก'!$J:$J,'บันทึกของเข้า-ออก'!$B:$B,สรุป!$C11,'บันทึกของเข้า-ออก'!$L:$L,สรุป!J$5,'บันทึกของเข้า-ออก'!$I:$I,">="&สรุป!$F$2,'บันทึกของเข้า-ออก'!$I:$I,"<="&สรุป!$G$2)-SUMIFS('บันทึกของเข้า-ออก'!$E:$E,'บันทึกของเข้า-ออก'!$B:$B,สรุป!$C11,'บันทึกของเข้า-ออก'!$F:$F,สรุป!J$5,'บันทึกของเข้า-ออก'!$D:$D,">="&สรุป!$F$2,'บันทึกของเข้า-ออก'!$D:$D,"<="&สรุป!$G$2) -> -18 | K11: =AD11+SUMIFS('บันทึกของเข้า-ออก'!$J:$J,'บันทึกของเข้า-ออก'!$B:$B,สรุป!$C11,'บันทึกของเข้า-ออก'!$L:$L,สรุป!K$5,'บันทึกของเข้า-ออก'!$I:$I,">="&สรุป!$F$2,'บันทึกของเข้า-ออก'!$I:$I,"<="&สรุป!$G$2)-SUMIFS('บันทึกของเข้า-ออก'!$E:$E,'บันทึกของเข้า-ออก'!$B:$B,สรุป!$C11,'บันทึกของเข้า-ออก'!$F:$F,สรุป!K$5,'บันทึกของเข้า-ออก'!$D:$D,">="&สรุป!$F$2,'บันทึกของเข้า-ออก'!$D:$D,"<="&สรุป!$G$2) -> 0 | L11: =AE11+SUMIFS('บันทึกของเข้า-ออก'!$J:$J,'บันทึกของเข้า-ออก'!$B:$B,สรุป!$C11,'บันทึกของเข้า-ออก'!$L:$L,สรุป!L$5,'บันทึกของเข้า-ออก'!$I:$I,">="&สรุป!$F$2,'บันทึกของเข้า-ออก'!$I:$I,"<="&สรุป!$G$2)-SUMIFS('บันทึกของเข้า-ออก'!$E:$E,'บันทึกของเข้า-ออก'!$B:$B,สรุป!$C11,'บันทึกของเข้า-ออก'!$F:$F,สรุป!L$5,'บันทึกของเข้า-ออก'!$D:$D,">="&สรุป!$F$2,'บันทึกของเข้า-ออก'!$D:$D,"<="&สรุป!$G$2) -> 0 | M11: =AF11+SUMIFS('บันทึกของเข้า-ออก'!$J:$J,'บันทึกของเข้า-ออก'!$B:$B,สรุป!$C11,'บันทึกของเข้า-ออก'!$L:$L,สรุป!M$5,'บันทึกของเข้า-ออก'!$I:$I,">="&สรุป!$F$2,'บันทึกของเข้า-ออก'!$I:$I,"<="&สรุป!$G$2)-SUMIFS('บันทึกของเข้า-ออก'!$E:$E,'บันทึกของเข้า-ออก'!$B:$B,สรุป!$C11,'บันทึกของเข้า-ออก'!$F:$F,สรุป!M$5,'บันทึกของเข้า-ออก'!$D:$D,">="&สรุป!$F$2,'บันทึกของเข้า-ออก'!$D:$D,"<="&สรุป!$G$2) -> 0 | ... R11: =AK11+SUMIFS('บันทึกของเข้า-ออก'!$J:$J,'บันทึกของเข้า-ออก'!$B:$B,สรุป!$C11,'บันทึกของเข้า-ออก'!$L:$L,สรุป!R$5,'บันทึกของเข้า-ออก'!$I:$I,">="&สรุป!$F$2,'บันทึกของเข้า-ออก'!$I:$I,"<="&สรุป!$G$2)-SUMIFS('บันทึกของเข้า-ออก'!$E:$E,'บันทึกของเข้า-ออก'!$B:$B,สรุป!$C11,'บันทึกของเข้า-ออก'!$F:$F,สรุป!R$5,'บันทึกของเข้า-ออก'!$D:$D,">="&สรุป!$F$2,'บันทึกของเข้า-ออก'!$D:$D,"<="&สรุป!$G$2) -> 0 | V11: =C11 -> แมสชีส 1.80x5.10 ม. | W11: 205 | X11: ผืน | Y11: 0 | Z11: 40 | AA11: 95 | AB11: 0 | AC11: 70 | AD11: 0 | AE11: 0 | AF11: 0 | AG11: 0 | AH11: 0 | AI11: 0 | AJ11: 0 | AK11: 0
B12: Safety | C12: บลูชีส | D12: =SUMIF(F12:T12,">0") -> 0 | E12: ผืน | F12: =Y12+SUMIFS('บันทึกของเข้า-ออก'!$J:$J,'บันทึกของเข้า-ออก'!$B:$B,สรุป!$C12,'บันทึกของเข้า-ออก'!$L:$L,สรุป!F$5,'บันทึกของเข้า-ออก'!$I:$I,">="&สรุป!$F$2,'บันทึกของเข้า-ออก'!$I:$I,"<="&สรุป!$G$2)-SUMIFS('บันทึกของเข้า-ออก'!$E:$E,'บันทึกของเข้า-ออก'!$B:$B,สรุป!$C12,'บันทึกของเข้า-ออก'!$F:$F,สรุป!F$5,'บันทึกของเข้า-ออก'!$D:$D,">="&สรุป!$F$2,'บันทึกของเข้า-ออก'!$D:$D,"<="&สรุป!$G$2) -> 0 | G12: =Z12+SUMIFS('บันทึกของเข้า-ออก'!$J:$J,'บันทึกของเข้า-ออก'!$B:$B,สรุป!$C12,'บันทึกของเข้า-ออก'!$L:$L,สรุป!G$5,'บันทึกของเข้า-ออก'!$I:$I,">="&สรุป!$F$2,'บันทึกของเข้า-ออก'!$I:$I,"<="&สรุป!$G$2)-SUMIFS('บันทึกของเข้า-ออก'!$E:$E,'บันทึกของเข้า-ออก'!$B:$B,สรุป!$C12,'บันทึกของเข้า-ออก'!$F:$F,สรุป!G$5,'บันทึกของเข้า-ออก'!$D:$D,">="&สรุป!$F$2,'บันทึกของเข้า-ออก'!$D:$D,"<="&สรุป!$G$2) -> 0 | H12: =AA12+SUMIFS('บันทึกของเข้า-ออก'!$J:$J,'บันทึกของเข้า-ออก'!$B:$B,สรุป!$C12,'บันทึกของเข้า-ออก'!$L:$L,สรุป!H$5,'บันทึกของเข้า-ออก'!$I:$I,">="&สรุป!$F$2,'บันทึกของเข้า-ออก'!$I:$I,"<="&สรุป!$G$2)-SUMIFS('บันทึกของเข้า-ออก'!$E:$E,'บันทึกของเข้า-ออก'!$B:$B,สรุป!$C12,'บันทึกของเข้า-ออก'!$F:$F,สรุป!H$5,'บันทึกของเข้า-ออก'!$D:$D,">="&สรุป!$F$2,'บันทึกของเข้า-ออก'!$D:$D,"<="&สรุป!$G$2) -> 0 | I12: =AB12+SUMIFS('บันทึกของเข้า-ออก'!$J:$J,'บันทึกของเข้า-ออก'!$B:$B,สรุป!$C12,'บันทึกของเข้า-ออก'!$L:$L,สรุป!I$5,'บันทึกของเข้า-ออก'!$I:$I,">="&สรุป!$F$2,'บันทึกของเข้า-ออก'!$I:$I,"<="&สรุป!$G$2)-SUMIFS('บันทึกของเข้า-ออก'!$E:$E,'บันทึกของเข้า-ออก'!$B:$B,สรุป!$C12,'บันทึกของเข้า-ออก'!$F:$F,สรุป!I$5,'บันทึกของเข้า-ออก'!$D:$D,">="&สรุป!$F$2,'บันทึกของเข้า-ออก'!$D:$D,"<="&สรุป!$G$2) -> 0 | J12: =AC12+SUMIFS('บันทึกของเข้า-ออก'!$J:$J,'บันทึกของเข้า-ออก'!$B:$B,สรุป!$C12,'บันทึกของเข้า-ออก'!$L:$L,สรุป!J$5,'บันทึกของเข้า-ออก'!$I:$I,">="&สรุป!$F$2,'บันทึกของเข้า-ออก'!$I:$I,"<="&สรุป!$G$2)-SUMIFS('บันทึกของเข้า-ออก'!$E:$E,'บันทึกของเข้า-ออก'!$B:$B,สรุป!$C12,'บันทึกของเข้า-ออก'!$F:$F,สรุป!J$5,'บันทึกของเข้า-ออก'!$D:$D,">="&สรุป!$F$2,'บันทึกของเข้า-ออก'!$D:$D,"<="&สรุป!$G$2) -> 0 | K12: =AD12+SUMIFS('บันทึกของเข้า-ออก'!$J:$J,'บันทึกของเข้า-ออก'!$B:$B,สรุป!$C12,'บันทึกของเข้า-ออก'!$L:$L,สรุป!K$5,'บันทึกของเข้า-ออก'!$I:$I,">="&สรุป!$F$2,'บันทึกของเข้า-ออก'!$I:$I,"<="&สรุป!$G$2)-SUMIFS('บันทึกของเข้า-ออก'!$E:$E,'บันทึกของเข้า-ออก'!$B:$B,สรุป!$C12,'บันทึกของเข้า-ออก'!$F:$F,สรุป!K$5,'บันทึกของเข้า-ออก'!$D:$D,">="&สรุป!$F$2,'บันทึกของเข้า-ออก'!$D:$D,"<="&สรุป!$G$2) -> 0 | L12: =AE12+SUMIFS('บันทึกของเข้า-ออก'!$J:$J,'บันทึกของเข้า-ออก'!$B:$B,สรุป!$C12,'บันทึกของเข้า-ออก'!$L:$L,สรุป!L$5,'บันทึกของเข้า-ออก'!$I:$I,">="&สรุป!$F$2,'บันทึกของเข้า-ออก'!$I:$I,"<="&สรุป!$G$2)-SUMIFS('บันทึกของเข้า-ออก'!$E:$E,'บันทึกของเข้า-ออก'!$B:$B,สรุป!$C12,'บันทึกของเข้า-ออก'!$F:$F,สรุป!L$5,'บันทึกของเข้า-ออก'!$D:$D,">="&สรุป!$F$2,'บันทึกของเข้า-ออก'!$D:$D,"<="&สรุป!$G$2) -> 0 | M12: =AF12+SUMIFS('บันทึกของเข้า-ออก'!$J:$J,'บันทึกของเข้า-ออก'!$B:$B,สรุป!$C12,'บันทึกของเข้า-ออก'!$L:$L,สรุป!M$5,'บันทึกของเข้า-ออก'!$I:$I,">="&สรุป!$F$2,'บันทึกของเข้า-ออก'!$I:$I,"<="&สรุป!$G$2)-SUMIFS('บันทึกของเข้า-ออก'!$E:$E,'บันทึกของเข้า-ออก'!$B:$B,สรุป!$C12,'บันทึกของเข้า-ออก'!$F:$F,สรุป!M$5,'บันทึกของเข้า-ออก'!$D:$D,">="&สรุป!$F$2,'บันทึกของเข้า-ออก'!$D:$D,"<="&สรุป!$G$2) -> 0 | ... R12: =AK12+SUMIFS('บันทึกของเข้า-ออก'!$J:$J,'บันทึกของเข้า-ออก'!$B:$B,สรุป!$C12,'บันทึกของเข้า-ออก'!$L:$L,สรุป!R$5,'บันทึกของเข้า-ออก'!$I:$I,">="&สรุป!$F$2,'บันทึกของเข้า-ออก'!$I:$I,"<="&สรุป!$G$2)-SUMIFS('บันทึกของเข้า-ออก'!$E:$E,'บันทึกของเข้า-ออก'!$B:$B,สรุป!$C12,'บันทึกของเข้า-ออก'!$F:$F,สรุป!R$5,'บันทึกของเข้า-ออก'!$D:$D,">="&สรุป!$F$2,'บันทึกของเข้า-ออก'!$D:$D,"<="&สรุป!$G$2) -> 0 | S12: ข้อมูลไม่ใช่ | V12: =C12 -> บลูชีส | W12: 28 | X12: ผืน | Y12: 0 | Z12: 0 | AA12: 0 | AB12: 0 | AD12: 0 | AE12: 0 | AF12: 0 | AG12: 0 | AH12: 0 | AI12: 0 | AJ12: 0 | AK12: 0
B13: Site | C13: แผ่นเหล็กปูทาง 1.2*2.4 | D13: 5 | E13: แผ่น | F13: =Y13+SUMIFS('บันทึกของเข้า-ออก'!$J:$J,'บันทึกของเข้า-ออก'!$B:$B,สรุป!$C13,'บันทึกของเข้า-ออก'!$L:$L,สรุป!F$5,'บันทึกของเข้า-ออก'!$I:$I,">="&สรุป!$F$2,'บันทึกของเข้า-ออก'!$I:$I,"<="&สรุป!$G$2)-SUMIFS('บันทึกของเข้า-ออก'!$E:$E,'บันทึกของเข้า-ออก'!$B:$B,สรุป!$C13,'บันทึกของเข้า-ออก'!$F:$F,สรุป!F$5,'บันทึกของเข้า-ออก'!$D:$D,">="&สรุป!$F$2,'บันทึกของเข้า-ออก'!$D:$D,"<="&สรุป!$G$2) -> 0 | G13: =Z13+SUMIFS('บันทึกของเข้า-ออก'!$J:$J,'บันทึกของเข้า-ออก'!$B:$B,สรุป!$C13,'บันทึกของเข้า-ออก'!$L:$L,สรุป!G$5,'บันทึกของเข้า-ออก'!$I:$I,">="&สรุป!$F$2,'บันทึกของเข้า-ออก'!$I:$I,"<="&สรุป!$G$2)-SUMIFS('บันทึกของเข้า-ออก'!$E:$E,'บันทึกของเข้า-ออก'!$B:$B,สรุป!$C13,'บันทึกของเข้า-ออก'!$F:$F,สรุป!G$5,'บันทึกของเข้า-ออก'!$D:$D,">="&สรุป!$F$2,'บันทึกของเข้า-ออก'!$D:$D,"<="&สรุป!$G$2) -> 0 | H13: =AA13+SUMIFS('บันทึกของเข้า-ออก'!$J:$J,'บันทึกของเข้า-ออก'!$B:$B,สรุป!$C13,'บันทึกของเข้า-ออก'!$L:$L,สรุป!H$5,'บันทึกของเข้า-ออก'!$I:$I,">="&สรุป!$F$2,'บันทึกของเข้า-ออก'!$I:$I,"<="&สรุป!$G$2)-SUMIFS('บันทึกของเข้า-ออก'!$E:$E,'บันทึกของเข้า-ออก'!$B:$B,สรุป!$C13,'บันทึกของเข้า-ออก'!$F:$F,สรุป!H$5,'บันทึกของเข้า-ออก'!$D:$D,">="&สรุป!$F$2,'บันทึกของเข้า-ออก'!$D:$D,"<="&สรุป!$G$2) -> 0 | I13: =AB13+SUMIFS('บันทึกของเข้า-ออก'!$J:$J,'บันทึกของเข้า-ออก'!$B:$B,สรุป!$C13,'บันทึกของเข้า-ออก'!$L:$L,สรุป!I$5,'บันทึกของเข้า-ออก'!$I:$I,">="&สรุป!$F$2,'บันทึกของเข้า-ออก'!$I:$I,"<="&สรุป!$G$2)-SUMIFS('บันทึกของเข้า-ออก'!$E:$E,'บันทึกของเข้า-ออก'!$B:$B,สรุป!$C13,'บันทึกของเข้า-ออก'!$F:$F,สรุป!I$5,'บันทึกของเข้า-ออก'!$D:$D,">="&สรุป!$F$2,'บันทึกของเข้า-ออก'!$D:$D,"<="&สรุป!$G$2) -> 0 | J13: =AC13+SUMIFS('บันทึกของเข้า-ออก'!$J:$J,'บันทึกของเข้า-ออก'!$B:$B,สรุป!$C13,'บันทึกของเข้า-ออก'!$L:$L,สรุป!J$5,'บันทึกของเข้า-ออก'!$I:$I,">="&สรุป!$F$2,'บันทึกของเข้า-ออก'!$I:$I,"<="&สรุป!$G$2)-SUMIFS('บันทึกของเข้า-ออก'!$E:$E,'บันทึกของเข้า-ออก'!$B:$B,สรุป!$C13,'บันทึกของเข้า-ออก'!$F:$F,สรุป!J$5,'บันทึกของเข้า-ออก'!$D:$D,">="&สรุป!$F$2,'บันทึกของเข้า-ออก'!$D:$D,"<="&สรุป!$G$2) -> 0 | K13: =AD13+SUMIFS('บันทึกของเข้า-ออก'!$J:$J,'บันทึกของเข้า-ออก'!$B:$B,สรุป!$C13,'บันทึกของเข้า-ออก'!$L:$L,สรุป!K$5,'บันทึกของเข้า-ออก'!$I:$I,">="&สรุป!$F$2,'บันทึกของเข้า-ออก'!$I:$I,"<="&สรุป!$G$2)-SUMIFS('บันทึกของเข้า-ออก'!$E:$E,'บันทึกของเข้า-ออก'!$B:$B,สรุป!$C13,'บันทึกของเข้า-ออก'!$F:$F,สรุป!K$5,'บันทึกของเข้า-ออก'!$D:$D,">="&สรุป!$F$2,'บันทึกของเข้า-ออก'!$D:$D,"<="&สรุป!$G$2) -> 0 | L13: =AE13+SUMIFS('บันทึกของเข้า-ออก'!$J:$J,'บันทึกของเข้า-ออก'!$B:$B,สรุป!$C13,'บันทึกของเข้า-ออก'!$L:$L,สรุป!L$5,'บันทึกของเข้า-ออก'!$I:$I,">="&สรุป!$F$2,'บันทึกของเข้า-ออก'!$I:$I,"<="&สรุป!$G$2)-SUMIFS('บันทึกของเข้า-ออก'!$E:$E,'บันทึกของเข้า-ออก'!$B:$B,สรุป!$C13,'บันทึกของเข้า-ออก'!$F:$F,สรุป!L$5,'บันทึกของเข้า-ออก'!$D:$D,">="&สรุป!$F$2,'บันทึกของเข้า-ออก'!$D:$D,"<="&สรุป!$G$2) -> 0 | M13: =AF13+SUMIFS('บันทึกของเข้า-ออก'!$J:$J,'บันทึกของเข้า-ออก'!$B:$B,สรุป!$C13,'บันทึกของเข้า-ออก'!$L:$L,สรุป!M$5,'บันทึกของเข้า-ออก'!$I:$I,">="&สรุป!$F$2,'บันทึกของเข้า-ออก'!$I:$I,"<="&สรุป!$G$2)-SUMIFS('บันทึกของเข้า-ออก'!$E:$E,'บันทึกของเข้า-ออก'!$B:$B,สรุป!$C13,'บันทึกของเข้า-ออก'!$F:$F,สรุป!M$5,'บันทึกของเข้า-ออก'!$D:$D,">="&สรุป!$F$2,'บันทึกของเข้า-ออก'!$D:$D,"<="&สรุป!$G$2) -> 0 | ... R13: =AK13+SUMIFS('บันทึกของเข้า-ออก'!$J:$J,'บันทึกของเข้า-ออก'!$B:$B,สรุป!$C13,'บันทึกของเข้า-ออก'!$L:$L,สรุป!R$5,'บันทึกของเข้า-ออก'!$I:$I,">="&สรุป!$F$2,'บันทึกของเข้า-ออก'!$I:$I,"<="&สรุป!$G$2)-SUMIFS('บันทึกของเข้า-ออก'!$E:$E,'บันทึกของเข้า-ออก'!$B:$B,สรุป!$C13,'บันทึกของเข้า-ออก'!$F:$F,สรุป!R$5,'บันทึกของเข้า-ออก'!$D:$D,">="&สรุป!$F$2,'บันทึกของเข้า-ออก'!$D:$D,"<="&สรุป!$G$2) -> 0 | V13: =C13 -> แผ่นเหล็กปูทาง 1.2*2.4 | W13: 5 | X13: แผ่น | Y13: 0 | Z13: 0 | AA13: 0 | AB13: 0 | AC13: 5 | AD13: 0 | AE13: 0 | AF13: 0 | AG13: 0 | AH13: 0 | AI13: 0 | AJ13: 0 | AK13: 0
B14: Site | C14: ถังน้ำ 200 ลิตร | D14: =SUMIF(F14:T14,">0") -> 9 | E14: ถัง | F14: =Y14+SUMIFS('บันทึกของเข้า-ออก'!$J:$J,'บันทึกของเข้า-ออก'!$B:$B,สรุป!$C14,'บันทึกของเข้า-ออก'!$L:$L,สรุป!F$5,'บันทึกของเข้า-ออก'!$I:$I,">="&สรุป!$F$2,'บันทึกของเข้า-ออก'!$I:$I,"<="&สรุป!$G$2)-SUMIFS('บันทึกของเข้า-ออก'!$E:$E,'บันทึกของเข้า-ออก'!$B:$B,สรุป!$C14,'บันทึกของเข้า-ออก'!$F:$F,สรุป!F$5,'บันทึกของเข้า-ออก'!$D:$D,">="&สรุป!$F$2,'บันทึกของเข้า-ออก'!$D:$D,"<="&สรุป!$G$2) -> 0 | G14: =Z14+SUMIFS('บันทึกของเข้า-ออก'!$J:$J,'บันทึกของเข้า-ออก'!$B:$B,สรุป!$C14,'บันทึกของเข้า-ออก'!$L:$L,สรุป!G$5,'บันทึกของเข้า-ออก'!$I:$I,">="&สรุป!$F$2,'บันทึกของเข้า-ออก'!$I:$I,"<="&สรุป!$G$2)-SUMIFS('บันทึกของเข้า-ออก'!$E:$E,'บันทึกของเข้า-ออก'!$B:$B,สรุป!$C14,'บันทึกของเข้า-ออก'!$F:$F,สรุป!G$5,'บันทึกของเข้า-ออก'!$D:$D,">="&สรุป!$F$2,'บันทึกของเข้า-ออก'!$D:$D,"<="&สรุป!$G$2) -> 1 | H14: =AA14+SUMIFS('บันทึกของเข้า-ออก'!$J:$J,'บันทึกของเข้า-ออก'!$B:$B,สรุป!$C14,'บันทึกของเข้า-ออก'!$L:$L,สรุป!H$5,'บันทึกของเข้า-ออก'!$I:$I,">="&สรุป!$F$2,'บันทึกของเข้า-ออก'!$I:$I,"<="&สรุป!$G$2)-SUMIFS('บันทึกของเข้า-ออก'!$E:$E,'บันทึกของเข้า-ออก'!$B:$B,สรุป!$C14,'บันทึกของเข้า-ออก'!$F:$F,สรุป!H$5,'บันทึกของเข้า-ออก'!$D:$D,">="&สรุป!$F$2,'บันทึกของเข้า-ออก'!$D:$D,"<="&สรุป!$G$2) -> 5 | I14: =AB14+SUMIFS('บันทึกของเข้า-ออก'!$J:$J,'บันทึกของเข้า-ออก'!$B:$B,สรุป!$C14,'บันทึกของเข้า-ออก'!$L:$L,สรุป!I$5,'บันทึกของเข้า-ออก'!$I:$I,">="&สรุป!$F$2,'บันทึกของเข้า-ออก'!$I:$I,"<="&สรุป!$G$2)-SUMIFS('บันทึกของเข้า-ออก'!$E:$E,'บันทึกของเข้า-ออก'!$B:$B,สรุป!$C14,'บันทึกของเข้า-ออก'!$F:$F,สรุป!I$5,'บันทึกของเข้า-ออก'!$D:$D,">="&สรุป!$F$2,'บันทึกของเข้า-ออก'!$D:$D,"<="&สรุป!$G$2) -> 0 | J14: =AC14+SUMIFS('บันทึกของเข้า-ออก'!$J:$J,'บันทึกของเข้า-ออก'!$B:$B,สรุป!$C14,'บันทึกของเข้า-ออก'!$L:$L,สรุป!J$5,'บันทึกของเข้า-ออก'!$I:$I,">="&สรุป!$F$2,'บันทึกของเข้า-ออก'!$I:$I,"<="&สรุป!$G$2)-SUMIFS('บันทึกของเข้า-ออก'!$E:$E,'บันทึกของเข้า-ออก'!$B:$B,สรุป!$C14,'บันทึกของเข้า-ออก'!$F:$F,สรุป!J$5,'บันทึกของเข้า-ออก'!$D:$D,">="&สรุป!$F$2,'บันทึกของเข้า-ออก'!$D:$D,"<="&สรุป!$G$2) -> 0 | K14: =AD14+SUMIFS('บันทึกของเข้า-ออก'!$J:$J,'บันทึกของเข้า-ออก'!$B:$B,สรุป!$C14,'บันทึกของเข้า-ออก'!$L:$L,สรุป!K$5,'บันทึกของเข้า-ออก'!$I:$I,">="&สรุป!$F$2,'บันทึกของเข้า-ออก'!$I:$I,"<="&สรุป!$G$2)-SUMIFS('บันทึกของเข้า-ออก'!$E:$E,'บันทึกของเข้า-ออก'!$B:$B,สรุป!$C14,'บันทึกของเข้า-ออก'!$F:$F,สรุป!K$5,'บันทึกของเข้า-ออก'!$D:$D,">="&สรุป!$F$2,'บันทึกของเข้า-ออก'!$D:$D,"<="&สรุป!$G$2) -> 0 | L14: =AE14+SUMIFS('บันทึกของเข้า-ออก'!$J:$J,'บันทึกของเข้า-ออก'!$B:$B,สรุป!$C14,'บันทึกของเข้า-ออก'!$L:$L,สรุป!L$5,'บันทึกของเข้า-ออก'!$I:$I,">="&สรุป!$F$2,'บันทึกของเข้า-ออก'!$I:$I,"<="&สรุป!$G$2)-SUMIFS('บันทึกของเข้า-ออก'!$E:$E,'บันทึกของเข้า-ออก'!$B:$B,สรุป!$C14,'บันทึกของเข้า-ออก'!$F:$F,สรุป!L$5,'บันทึกของเข้า-ออก'!$D:$D,">="&สรุป!$F$2,'บันทึกของเข้า-ออก'!$D:$D,"<="&สรุป!$G$2) -> 0 | M14: =AF14+SUMIFS('บันทึกของเข้า-ออก'!$J:$J,'บันทึกของเข้า-ออก'!$B:$B,สรุป!$C14,'บันทึกของเข้า-ออก'!$L:$L,สรุป!M$5,'บันทึกของเข้า-ออก'!$I:$I,">="&สรุป!$F$2,'บันทึกของเข้า-ออก'!$I:$I,"<="&สรุป!$G$2)-SUMIFS('บันทึกของเข้า-ออก'!$E:$E,'บันทึกของเข้า-ออก'!$B:$B,สรุป!$C14,'บันทึกของเข้า-ออก'!$F:$F,สรุป!M$5,'บันทึกของเข้า-ออก'!$D:$D,">="&สรุป!$F$2,'บันทึกของเข้า-ออก'!$D:$D,"<="&สรุป!$G$2) -> 2 | ... R14: =AK14+SUMIFS('บันทึกของเข้า-ออก'!$J:$J,'บันทึกของเข้า-ออก'!$B:$B,สรุป!$C14,'บันทึกของเข้า-ออก'!$L:$L,สรุป!R$5,'บันทึกของเข้า-ออก'!$I:$I,">="&สรุป!$F$2,'บันทึกของเข้า-ออก'!$I:$I,"<="&สรุป!$G$2)-SUMIFS('บันทึกของเข้า-ออก'!$E:$E,'บันทึกของเข้า-ออก'!$B:$B,สรุป!$C14,'บันทึกของเข้า-ออก'!$F:$F,สรุป!R$5,'บันทึกของเข้า-ออก'!$D:$D,">="&สรุป!$F$2,'บันทึกของเข้า-ออก'!$D:$D,"<="&สรุป!$G$2) -> 0 | V14: =C14 -> ถังน้ำ 200 ลิตร | W14: 4 | X14: ถัง | Y14: 0 | Z14: 1 | AA14: 5 | AB14: 0 | AC14: 0 | AD14: 0 | AE14: 0 | AF14: 2 | AG14: 0 | AH14: 1 | AI14: 0 | AJ14: 0 | AK14: 0
B15: Site | C15: ถังเก็บน้ำ 500 ลิตร | D15: =SUMIF(F15:T15,">0") -> 2 | E15: ถัง | F15: =Y15+SUMIFS('บันทึกของเข้า-ออก'!$J:$J,'บันทึกของเข้า-ออก'!$B:$B,สรุป!$C15,'บันทึกของเข้า-ออก'!$L:$L,สรุป!F$5,'บันทึกของเข้า-ออก'!$I:$I,">="&สรุป!$F$2,'บันทึกของเข้า-ออก'!$I:$I,"<="&สรุป!$G$2)-SUMIFS('บันทึกของเข้า-ออก'!$E:$E,'บันทึกของเข้า-ออก'!$B:$B,สรุป!$C15,'บันทึกของเข้า-ออก'!$F:$F,สรุป!F$5,'บันทึกของเข้า-ออก'!$D:$D,">="&สรุป!$F$2,'บันทึกของเข้า-ออก'!$D:$D,"<="&สรุป!$G$2) -> 0 | G15: =Z15+SUMIFS('บันทึกของเข้า-ออก'!$J:$J,'บันทึกของเข้า-ออก'!$B:$B,สรุป!$C15,'บันทึกของเข้า-ออก'!$L:$L,สรุป!G$5,'บันทึกของเข้า-ออก'!$I:$I,">="&สรุป!$F$2,'บันทึกของเข้า-ออก'!$I:$I,"<="&สรุป!$G$2)-SUMIFS('บันทึกของเข้า-ออก'!$E:$E,'บันทึกของเข้า-ออก'!$B:$B,สรุป!$C15,'บันทึกของเข้า-ออก'!$F:$F,สรุป!G$5,'บันทึกของเข้า-ออก'!$D:$D,">="&สรุป!$F$2,'บันทึกของเข้า-ออก'!$D:$D,"<="&สรุป!$G$2) -> 0 | H15: =AA15+SUMIFS('บันทึกของเข้า-ออก'!$J:$J,'บันทึกของเข้า-ออก'!$B:$B,สรุป!$C15,'บันทึกของเข้า-ออก'!$L:$L,สรุป!H$5,'บันทึกของเข้า-ออก'!$I:$I,">="&สรุป!$F$2,'บันทึกของเข้า-ออก'!$I:$I,"<="&สรุป!$G$2)-SUMIFS('บันทึกของเข้า-ออก'!$E:$E,'บันทึกของเข้า-ออก'!$B:$B,สรุป!$C15,'บันทึกของเข้า-ออก'!$F:$F,สรุป!H$5,'บันทึกของเข้า-ออก'!$D:$D,">="&สรุป!$F$2,'บันทึกของเข้า-ออก'!$D:$D,"<="&สรุป!$G$2) -> 2 | I15: =AB15+SUMIFS('บันทึกของเข้า-ออก'!$J:$J,'บันทึกของเข้า-ออก'!$B:$B,สรุป!$C15,'บันทึกของเข้า-ออก'!$L:$L,สรุป!I$5,'บันทึกของเข้า-ออก'!$I:$I,">="&สรุป!$F$2,'บันทึกของเข้า-ออก'!$I:$I,"<="&สรุป!$G$2)-SUMIFS('บันทึกของเข้า-ออก'!$E:$E,'บันทึกของเข้า-ออก'!$B:$B,สรุป!$C15,'บันทึกของเข้า-ออก'!$F:$F,สรุป!I$5,'บันทึกของเข้า-ออก'!$D:$D,">="&สรุป!$F$2,'บันทึกของเข้า-ออก'!$D:$D,"<="&สรุป!$G$2) -> 0 | J15: =AC15+SUMIFS('บันทึกของเข้า-ออก'!$J:$J,'บันทึกของเข้า-ออก'!$B:$B,สรุป!$C15,'บันทึกของเข้า-ออก'!$L:$L,สรุป!J$5,'บันทึกของเข้า-ออก'!$I:$I,">="&สรุป!$F$2,'บันทึกของเข้า-ออก'!$I:$I,"<="&สรุป!$G$2)-SUMIFS('บันทึกของเข้า-ออก'!$E:$E,'บันทึกของเข้า-ออก'!$B:$B,สรุป!$C15,'บันทึกของเข้า-ออก'!$F:$F,สรุป!J$5,'บันทึกของเข้า-ออก'!$D:$D,">="&สรุป!$F$2,'บันทึกของเข้า-ออก'!$D:$D,"<="&สรุป!$G$2) -> 0 | K15: =AD15+SUMIFS('บันทึกของเข้า-ออก'!$J:$J,'บันทึกของเข้า-ออก'!$B:$B,สรุป!$C15,'บันทึกของเข้า-ออก'!$L:$L,สรุป!K$5,'บันทึกของเข้า-ออก'!$I:$I,">="&สรุป!$F$2,'บันทึกของเข้า-ออก'!$I:$I,"<="&สรุป!$G$2)-SUMIFS('บันทึกของเข้า-ออก'!$E:$E,'บันทึกของเข้า-ออก'!$B:$B,สรุป!$C15,'บันทึกของเข้า-ออก'!$F:$F,สรุป!K$5,'บันทึกของเข้า-ออก'!$D:$D,">="&สรุป!$F$2,'บันทึกของเข้า-ออก'!$D:$D,"<="&สรุป!$G$2) -> 0 | L15: =AE15+SUMIFS('บันทึกของเข้า-ออก'!$J:$J,'บันทึกของเข้า-ออก'!$B:$B,สรุป!$C15,'บันทึกของเข้า-ออก'!$L:$L,สรุป!L$5,'บันทึกของเข้า-ออก'!$I:$I,">="&สรุป!$F$2,'บันทึกของเข้า-ออก'!$I:$I,"<="&สรุป!$G$2)-SUMIFS('บันทึกของเข้า-ออก'!$E:$E,'บันทึกของเข้า-ออก'!$B:$B,สรุป!$C15,'บันทึกของเข้า-ออก'!$F:$F,สรุป!L$5,'บันทึกของเข้า-ออก'!$D:$D,">="&สรุป!$F$2,'บันทึกของเข้า-ออก'!$D:$D,"<="&สรุป!$G$2) -> 0 | M15: =AF15+SUMIFS('บันทึกของเข้า-ออก'!$J:$J,'บันทึกของเข้า-ออก'!$B:$B,สรุป!$C15,'บันทึกของเข้า-ออก'!$L:$L,สรุป!M$5,'บันทึกของเข้า-ออก'!$I:$I,">="&สรุป!$F$2,'บันทึกของเข้า-ออก'!$I:$I,"<="&สรุป!$G$2)-SUMIFS('บันทึกของเข้า-ออก'!$E:$E,'บันทึกของเข้า-ออก'!$B:$B,สรุป!$C15,'บันทึกของเข้า-ออก'!$F:$F,สรุป!M$5,'บันทึกของเข้า-ออก'!$D:$D,">="&สรุป!$F$2,'บันทึกของเข้า-ออก'!$D:$D,"<="&สรุป!$G$2) -> 0 | ... R15: =AK15+SUMIFS('บันทึกของเข้า-ออก'!$J:$J,'บันทึกของเข้า-ออก'!$B:$B,สรุป!$C15,'บันทึกของเข้า-ออก'!$L:$L,สรุป!R$5,'บันทึกของเข้า-ออก'!$I:$I,">="&สรุป!$F$2,'บันทึกของเข้า-ออก'!$I:$I,"<="&สรุป!$G$2)-SUMIFS('บันทึกของเข้า-ออก'!$E:$E,'บันทึกของเข้า-ออก'!$B:$B,สรุป!$C15,'บันทึกของเข้า-ออก'!$F:$F,สรุป!R$5,'บันทึกของเข้า-ออก'!$D:$D,">="&สรุป!$F$2,'บันทึกของเข้า-ออก'!$D:$D,"<="&สรุป!$G$2) -> 0 | V15: =C15 -> ถังเก็บน้ำ 500 ลิตร | W15: 1 | X15: ถัง | Y15: 0 | Z15: 0 | AA15: 2 | AB15: 0 | AC15: 0 | AD15: 0 | AE15: 0 | AF15: 0 | AG15: 0 | AH15: 0 | AI15: 0 | AJ15: 0 | AK15: 0
B16: Site | C16: ถังเก็บน้ำ 1000 ลิตร | D16: =SUMIF(F16:T16,">0") -> 7 | E16: ถัง | F16: =Y16+SUMIFS('บันทึกของเข้า-ออก'!$J:$J,'บันทึกของเข้า-ออก'!$B:$B,สรุป!$C16,'บันทึกของเข้า-ออก'!$L:$L,สรุป!F$5,'บันทึกของเข้า-ออก'!$I:$I,">="&สรุป!$F$2,'บันทึกของเข้า-ออก'!$I:$I,"<="&สรุป!$G$2)-SUMIFS('บันทึกของเข้า-ออก'!$E:$E,'บันทึกของเข้า-ออก'!$B:$B,สรุป!$C16,'บันทึกของเข้า-ออก'!$F:$F,สรุป!F$5,'บันทึกของเข้า-ออก'!$D:$D,">="&สรุป!$F$2,'บันทึกของเข้า-ออก'!$D:$D,"<="&สรุป!$G$2) -> 0 | G16: =Z16+SUMIFS('บันทึกของเข้า-ออก'!$J:$J,'บันทึกของเข้า-ออก'!$B:$B,สรุป!$C16,'บันทึกของเข้า-ออก'!$L:$L,สรุป!G$5,'บันทึกของเข้า-ออก'!$I:$I,">="&สรุป!$F$2,'บันทึกของเข้า-ออก'!$I:$I,"<="&สรุป!$G$2)-SUMIFS('บันทึกของเข้า-ออก'!$E:$E,'บันทึกของเข้า-ออก'!$B:$B,สรุป!$C16,'บันทึกของเข้า-ออก'!$F:$F,สรุป!G$5,'บันทึกของเข้า-ออก'!$D:$D,">="&สรุป!$F$2,'บันทึกของเข้า-ออก'!$D:$D,"<="&สรุป!$G$2) -> 0 | H16: =AA16+SUMIFS('บันทึกของเข้า-ออก'!$J:$J,'บันทึกของเข้า-ออก'!$B:$B,สรุป!$C16,'บันทึกของเข้า-ออก'!$L:$L,สรุป!H$5,'บันทึกของเข้า-ออก'!$I:$I,">="&สรุป!$F$2,'บันทึกของเข้า-ออก'!$I:$I,"<="&สรุป!$G$2)-SUMIFS('บันทึกของเข้า-ออก'!$E:$E,'บันทึกของเข้า-ออก'!$B:$B,สรุป!$C16,'บันทึกของเข้า-ออก'!$F:$F,สรุป!H$5,'บันทึกของเข้า-ออก'!$D:$D,">="&สรุป!$F$2,'บันทึกของเข้า-ออก'!$D:$D,"<="&สรุป!$G$2) -> 1 | I16: =AB16+SUMIFS('บันทึกของเข้า-ออก'!$J:$J,'บันทึกของเข้า-ออก'!$B:$B,สรุป!$C16,'บันทึกของเข้า-ออก'!$L:$L,สรุป!I$5,'บันทึกของเข้า-ออก'!$I:$I,">="&สรุป!$F$2,'บันทึกของเข้า-ออก'!$I:$I,"<="&สรุป!$G$2)-SUMIFS('บันทึกของเข้า-ออก'!$E:$E,'บันทึกของเข้า-ออก'!$B:$B,สรุป!$C16,'บันทึกของเข้า-ออก'!$F:$F,สรุป!I$5,'บันทึกของเข้า-ออก'!$D:$D,">="&สรุป!$F$2,'บันทึกของเข้า-ออก'!$D:$D,"<="&สรุป!$G$2) -> 0 | J16: =AC16+SUMIFS('บันทึกของเข้า-ออก'!$J:$J,'บันทึกของเข้า-ออก'!$B:$B,สรุป!$C16,'บันทึกของเข้า-ออก'!$L:$L,สรุป!J$5,'บันทึกของเข้า-ออก'!$I:$I,">="&สรุป!$F$2,'บันทึกของเข้า-ออก'!$I:$I,"<="&สรุป!$G$2)-SUMIFS('บันทึกของเข้า-ออก'!$E:$E,'บันทึกของเข้า-ออก'!$B:$B,สรุป!$C16,'บันทึกของเข้า-ออก'!$F:$F,สรุป!J$5,'บันทึกของเข้า-ออก'!$D:$D,">="&สรุป!$F$2,'บันทึกของเข้า-ออก'!$D:$D,"<="&สรุป!$G$2) -> 1 | K16: =AD16+SUMIFS('บันทึกของเข้า-ออก'!$J:$J,'บันทึกของเข้า-ออก'!$B:$B,สรุป!$C16,'บันทึกของเข้า-ออก'!$L:$L,สรุป!K$5,'บันทึกของเข้า-ออก'!$I:$I,">="&สรุป!$F$2,'บันทึกของเข้า-ออก'!$I:$I,"<="&สรุป!$G$2)-SUMIFS('บันทึกของเข้า-ออก'!$E:$E,'บันทึกของเข้า-ออก'!$B:$B,สรุป!$C16,'บันทึกของเข้า-ออก'!$F:$F,สรุป!K$5,'บันทึกของเข้า-ออก'!$D:$D,">="&สรุป!$F$2,'บันทึกของเข้า-ออก'!$D:$D,"<="&สรุป!$G$2) -> 0 | L16: =AE16+SUMIFS('บันทึกของเข้า-ออก'!$J:$J,'บันทึกของเข้า-ออก'!$B:$B,สรุป!$C16,'บันทึกของเข้า-ออก'!$L:$L,สรุป!L$5,'บันทึกของเข้า-ออก'!$I:$I,">="&สรุป!$F$2,'บันทึกของเข้า-ออก'!$I:$I,"<="&สรุป!$G$2)-SUMIFS('บันทึกของเข้า-ออก'!$E:$E,'บันทึกของเข้า-ออก'!$B:$B,สรุป!$C16,'บันทึกของเข้า-ออก'!$F:$F,สรุป!L$5,'บันทึกของเข้า-ออก'!$D:$D,">="&สรุป!$F$2,'บันทึกของเข้า-ออก'!$D:$D,"<="&สรุป!$G$2) -> 0 | M16: =AF16+SUMIFS('บันทึกของเข้า-ออก'!$J:$J,'บันทึกของเข้า-ออก'!$B:$B,สรุป!$C16,'บันทึกของเข้า-ออก'!$L:$L,สรุป!M$5,'บันทึกของเข้า-ออก'!$I:$I,">="&สรุป!$F$2,'บันทึกของเข้า-ออก'!$I:$I,"<="&สรุป!$G$2)-SUMIFS('บันทึกของเข้า-ออก'!$E:$E,'บันทึกของเข้า-ออก'!$B:$B,สรุป!$C16,'บันทึกของเข้า-ออก'!$F:$F,สรุป!M$5,'บันทึกของเข้า-ออก'!$D:$D,">="&สรุป!$F$2,'บันทึกของเข้า-ออก'!$D:$D,"<="&สรุป!$G$2) -> 4 | ... R16: =AK16+SUMIFS('บันทึกของเข้า-ออก'!$J:$J,'บันทึกของเข้า-ออก'!$B:$B,สรุป!$C16,'บันทึกของเข้า-ออก'!$L:$L,สรุป!R$5,'บันทึกของเข้า-ออก'!$I:$I,">="&สรุป!$F$2,'บันทึกของเข้า-ออก'!$I:$I,"<="&สรุป!$G$2)-SUMIFS('บันทึกของเข้า-ออก'!$E:$E,'บันทึกของเข้า-ออก'!$B:$B,สรุป!$C16,'บันทึกของเข้า-ออก'!$F:$F,สรุป!R$5,'บันทึกของเข้า-ออก'!$D:$D,">="&สรุป!$F$2,'บันทึกของเข้า-ออก'!$D:$D,"<="&สรุป!$G$2) -> 0 | V16: =C16 -> ถังเก็บน้ำ 1000 ลิตร | W16: 6 | X16: ถัง | Y16: 0 | Z16: 0 | AA16: 1 | AB16: 0 | AC16: 1 | AD16: 0 | AE16: 0 | AF16: 4 | AG16: 0 | AH16: 1 | AI16: 0 | AJ16: 0 | AK16: 0
B17: Site | C17: ถังเก็บน้ำ 2000 ลิตร | D17: =SUMIF(F17:T17,">0") -> 0 | E17: ถัง | F17: =Y17+SUMIFS('บันทึกของเข้า-ออก'!$J:$J,'บันทึกของเข้า-ออก'!$B:$B,สรุป!$C17,'บันทึกของเข้า-ออก'!$L:$L,สรุป!F$5,'บันทึกของเข้า-ออก'!$I:$I,">="&สรุป!$F$2,'บันทึกของเข้า-ออก'!$I:$I,"<="&สรุป!$G$2)-SUMIFS('บันทึกของเข้า-ออก'!$E:$E,'บันทึกของเข้า-ออก'!$B:$B,สรุป!$C17,'บันทึกของเข้า-ออก'!$F:$F,สรุป!F$5,'บันทึกของเข้า-ออก'!$D:$D,">="&สรุป!$F$2,'บันทึกของเข้า-ออก'!$D:$D,"<="&สรุป!$G$2) -> 0 | G17: =Z17+SUMIFS('บันทึกของเข้า-ออก'!$J:$J,'บันทึกของเข้า-ออก'!$B:$B,สรุป!$C17,'บันทึกของเข้า-ออก'!$L:$L,สรุป!G$5,'บันทึกของเข้า-ออก'!$I:$I,">="&สรุป!$F$2,'บันทึกของเข้า-ออก'!$I:$I,"<="&สรุป!$G$2)-SUMIFS('บันทึกของเข้า-ออก'!$E:$E,'บันทึกของเข้า-ออก'!$B:$B,สรุป!$C17,'บันทึกของเข้า-ออก'!$F:$F,สรุป!G$5,'บันทึกของเข้า-ออก'!$D:$D,">="&สรุป!$F$2,'บันทึกของเข้า-ออก'!$D:$D,"<="&สรุป!$G$2) -> 0 | H17: =AA17+SUMIFS('บันทึกของเข้า-ออก'!$J:$J,'บันทึกของเข้า-ออก'!$B:$B,สรุป!$C17,'บันทึกของเข้า-ออก'!$L:$L,สรุป!H$5,'บันทึกของเข้า-ออก'!$I:$I,">="&สรุป!$F$2,'บันทึกของเข้า-ออก'!$I:$I,"<="&สรุป!$G$2)-SUMIFS('บันทึกของเข้า-ออก'!$E:$E,'บันทึกของเข้า-ออก'!$B:$B,สรุป!$C17,'บันทึกของเข้า-ออก'!$F:$F,สรุป!H$5,'บันทึกของเข้า-ออก'!$D:$D,">="&สรุป!$F$2,'บันทึกของเข้า-ออก'!$D:$D,"<="&สรุป!$G$2) -> 0 | I17: =AB17+SUMIFS('บันทึกของเข้า-ออก'!$J:$J,'บันทึกของเข้า-ออก'!$B:$B,สรุป!$C17,'บันทึกของเข้า-ออก'!$L:$L,สรุป!I$5,'บันทึกของเข้า-ออก'!$I:$I,">="&สรุป!$F$2,'บันทึกของเข้า-ออก'!$I:$I,"<="&สรุป!$G$2)-SUMIFS('บันทึกของเข้า-ออก'!$E:$E,'บันทึกของเข้า-ออก'!$B:$B,สรุป!$C17,'บันทึกของเข้า-ออก'!$F:$F,สรุป!I$5,'บันทึกของเข้า-ออก'!$D:$D,">="&สรุป!$F$2,'บันทึกของเข้า-ออก'!$D:$D,"<="&สรุป!$G$2) -> 0 | J17: =AC17+SUMIFS('บันทึกของเข้า-ออก'!$J:$J,'บันทึกของเข้า-ออก'!$B:$B,สรุป!$C17,'บันทึกของเข้า-ออก'!$L:$L,สรุป!J$5,'บันทึกของเข้า-ออก'!$I:$I,">="&สรุป!$F$2,'บันทึกของเข้า-ออก'!$I:$I,"<="&สรุป!$G$2)-SUMIFS('บันทึกของเข้า-ออก'!$E:$E,'บันทึกของเข้า-ออก'!$B:$B,สรุป!$C17,'บันทึกของเข้า-ออก'!$F:$F,สรุป!J$5,'บันทึกของเข้า-ออก'!$D:$D,">="&สรุป!$F$2,'บันทึกของเข้า-ออก'!$D:$D,"<="&สรุป!$G$2) -> 0 | K17: =AD17+SUMIFS('บันทึกของเข้า-ออก'!$J:$J,'บันทึกของเข้า-ออก'!$B:$B,สรุป!$C17,'บันทึกของเข้า-ออก'!$L:$L,สรุป!K$5,'บันทึกของเข้า-ออก'!$I:$I,">="&สรุป!$F$2,'บันทึกของเข้า-ออก'!$I:$I,"<="&สรุป!$G$2)-SUMIFS('บันทึกของเข้า-ออก'!$E:$E,'บันทึกของเข้า-ออก'!$B:$B,สรุป!$C17,'บันทึกของเข้า-ออก'!$F:$F,สรุป!K$5,'บันทึกของเข้า-ออก'!$D:$D,">="&สรุป!$F$2,'บันทึกของเข้า-ออก'!$D:$D,"<="&สรุป!$G$2) -> 0 | L17: =AE17+SUMIFS('บันทึกของเข้า-ออก'!$J:$J,'บันทึกของเข้า-ออก'!$B:$B,สรุป!$C17,'บันทึกของเข้า-ออก'!$L:$L,สรุป!L$5,'บันทึกของเข้า-ออก'!$I:$I,">="&สรุป!$F$2,'บันทึกของเข้า-ออก'!$I:$I,"<="&สรุป!$G$2)-SUMIFS('บันทึกของเข้า-ออก'!$E:$E,'บันทึกของเข้า-ออก'!$B:$B,สรุป!$C17,'บันทึกของเข้า-ออก'!$F:$F,สรุป!L$5,'บันทึกของเข้า-ออก'!$D:$D,">="&สรุป!$F$2,'บันทึกของเข้า-ออก'!$D:$D,"<="&สรุป!$G$2) -> 0 | M17: =AF17+SUMIFS('บันทึกของเข้า-ออก'!$J:$J,'บันทึกของเข้า-ออก'!$B:$B,สรุป!$C17,'บันทึกของเข้า-ออก'!$L:$L,สรุป!M$5,'บันทึกของเข้า-ออก'!$I:$I,">="&สรุป!$F$2,'บันทึกของเข้า-ออก'!$I:$I,"<="&สรุป!$G$2)-SUMIFS('บันทึกของเข้า-ออก'!$E:$E,'บันทึกของเข้า-ออก'!$B:$B,สรุป!$C17,'บันทึกของเข้า-ออก'!$F:$F,สรุป!M$5,'บันทึกของเข้า-ออก'!$D:$D,">="&สรุป!$F$2,'บันทึกของเข้า-ออก'!$D:$D,"<="&สรุป!$G$2) -> 0 | ... R17: =AK17+SUMIFS('บันทึกของเข้า-ออก'!$J:$J,'บันทึกของเข้า-ออก'!$B:$B,สรุป!$C17,'บันทึกของเข้า-ออก'!$L:$L,สรุป!R$5,'บันทึกของเข้า-ออก'!$I:$I,">="&สรุป!$F$2,'บันทึกของเข้า-ออก'!$I:$I,"<="&สรุป!$G$2)-SUMIFS('บันทึกของเข้า-ออก'!$E:$E,'บันทึกของเข้า-ออก'!$B:$B,สรุป!$C17,'บันทึกของเข้า-ออก'!$F:$F,สรุป!R$5,'บันทึกของเข้า-ออก'!$D:$D,">="&สรุป!$F$2,'บันทึกของเข้า-ออก'!$D:$D,"<="&สรุป!$G$2) -> 0 | V17: =C17 -> ถังเก็บน้ำ 2000 ลิตร | W17: 0 | X17: ถัง | Y17: 0 | Z17: 0 | AA17: 0 | AB17: 0 | AC17: 0 | AD17: 0 | AE17: 0 | AF17: 0 | AG17: 0 | AH17: 0 | AI17: 0 | AJ17: 0 | AK17: 0
B18: Site | C18: ห้องน้ำสนาม | D18: =SUMIF(F18:T18,">0") -> 1 | E18: ห้อง | F18: =Y18+SUMIFS('บันทึกของเข้า-ออก'!$J:$J,'บันทึกของเข้า-ออก'!$B:$B,สรุป!$C18,'บันทึกของเข้า-ออก'!$L:$L,สรุป!F$5,'บันทึกของเข้า-ออก'!$I:$I,">="&สรุป!$F$2,'บันทึกของเข้า-ออก'!$I:$I,"<="&สรุป!$G$2)-SUMIFS('บันทึกของเข้า-ออก'!$E:$E,'บันทึกของเข้า-ออก'!$B:$B,สรุป!$C18,'บันทึกของเข้า-ออก'!$F:$F,สรุป!F$5,'บันทึกของเข้า-ออก'!$D:$D,">="&สรุป!$F$2,'บันทึกของเข้า-ออก'!$D:$D,"<="&สรุป!$G$2) -> 0 | G18: =Z18+SUMIFS('บันทึกของเข้า-ออก'!$J:$J,'บันทึกของเข้า-ออก'!$B:$B,สรุป!$C18,'บันทึกของเข้า-ออก'!$L:$L,สรุป!G$5,'บันทึกของเข้า-ออก'!$I:$I,">="&สรุป!$F$2,'บันทึกของเข้า-ออก'!$I:$I,"<="&สรุป!$G$2)-SUMIFS('บันทึกของเข้า-ออก'!$E:$E,'บันทึกของเข้า-ออก'!$B:$B,สรุป!$C18,'บันทึกของเข้า-ออก'!$F:$F,สรุป!G$5,'บันทึกของเข้า-ออก'!$D:$D,">="&สรุป!$F$2,'บันทึกของเข้า-ออก'!$D:$D,"<="&สรุป!$G$2) -> 0 | H18: =AA18+SUMIFS('บันทึกของเข้า-ออก'!$J:$J,'บันทึกของเข้า-ออก'!$B:$B,สรุป!$C18,'บันทึกของเข้า-ออก'!$L:$L,สรุป!H$5,'บันทึกของเข้า-ออก'!$I:$I,">="&สรุป!$F$2,'บันทึกของเข้า-ออก'!$I:$I,"<="&สรุป!$G$2)-SUMIFS('บันทึกของเข้า-ออก'!$E:$E,'บันทึกของเข้า-ออก'!$B:$B,สรุป!$C18,'บันทึกของเข้า-ออก'!$F:$F,สรุป!H$5,'บันทึกของเข้า-ออก'!$D:$D,">="&สรุป!$F$2,'บันทึกของเข้า-ออก'!$D:$D,"<="&สรุป!$G$2) -> 0 | I18: =AB18+SUMIFS('บันทึกของเข้า-ออก'!$J:$J,'บันทึกของเข้า-ออก'!$B:$B,สรุป!$C18,'บันทึกของเข้า-ออก'!$L:$L,สรุป!I$5,'บันทึกของเข้า-ออก'!$I:$I,">="&สรุป!$F$2,'บันทึกของเข้า-ออก'!$I:$I,"<="&สรุป!$G$2)-SUMIFS('บันทึกของเข้า-ออก'!$E:$E,'บันทึกของเข้า-ออก'!$B:$B,สรุป!$C18,'บันทึกของเข้า-ออก'!$F:$F,สรุป!I$5,'บันทึกของเข้า-ออก'!$D:$D,">="&สรุป!$F$2,'บันทึกของเข้า-ออก'!$D:$D,"<="&สรุป!$G$2) -> 0 | J18: =AC18+SUMIFS('บันทึกของเข้า-ออก'!$J:$J,'บันทึกของเข้า-ออก'!$B:$B,สรุป!$C18,'บันทึกของเข้า-ออก'!$L:$L,สรุป!J$5,'บันทึกของเข้า-ออก'!$I:$I,">="&สรุป!$F$2,'บันทึกของเข้า-ออก'!$I:$I,"<="&สรุป!$G$2)-SUMIFS('บันทึกของเข้า-ออก'!$E:$E,'บันทึกของเข้า-ออก'!$B:$B,สรุป!$C18,'บันทึกของเข้า-ออก'!$F:$F,สรุป!J$5,'บันทึกของเข้า-ออก'!$D:$D,">="&สรุป!$F$2,'บันทึกของเข้า-ออก'!$D:$D,"<="&สรุป!$G$2) -> 0 | K18: =AD18+SUMIFS('บันทึกของเข้า-ออก'!$J:$J,'บันทึกของเข้า-ออก'!$B:$B,สรุป!$C18,'บันทึกของเข้า-ออก'!$L:$L,สรุป!K$5,'บันทึกของเข้า-ออก'!$I:$I,">="&สรุป!$F$2,'บันทึกของเข้า-ออก'!$I:$I,"<="&สรุป!$G$2)-SUMIFS('บันทึกของเข้า-ออก'!$E:$E,'บันทึกของเข้า-ออก'!$B:$B,สรุป!$C18,'บันทึกของเข้า-ออก'!$F:$F,สรุป!K$5,'บันทึกของเข้า-ออก'!$D:$D,">="&สรุป!$F$2,'บันทึกของเข้า-ออก'!$D:$D,"<="&สรุป!$G$2) -> 0 | L18: =AE18+SUMIFS('บันทึกของเข้า-ออก'!$J:$J,'บันทึกของเข้า-ออก'!$B:$B,สรุป!$C18,'บันทึกของเข้า-ออก'!$L:$L,สรุป!L$5,'บันทึกของเข้า-ออก'!$I:$I,">="&สรุป!$F$2,'บันทึกของเข้า-ออก'!$I:$I,"<="&สรุป!$G$2)-SUMIFS('บันทึกของเข้า-ออก'!$E:$E,'บันทึกของเข้า-ออก'!$B:$B,สรุป!$C18,'บันทึกของเข้า-ออก'!$F:$F,สรุป!L$5,'บันทึกของเข้า-ออก'!$D:$D,">="&สรุป!$F$2,'บันทึกของเข้า-ออก'!$D:$D,"<="&สรุป!$G$2) -> 0 | M18: =AF18+SUMIFS('บันทึกของเข้า-ออก'!$J:$J,'บันทึกของเข้า-ออก'!$B:$B,สรุป!$C18,'บันทึกของเข้า-ออก'!$L:$L,สรุป!M$5,'บันทึกของเข้า-ออก'!$I:$I,">="&สรุป!$F$2,'บันทึกของเข้า-ออก'!$I:$I,"<="&สรุป!$G$2)-SUMIFS('บันทึกของเข้า-ออก'!$E:$E,'บันทึกของเข้า-ออก'!$B:$B,สรุป!$C18,'บันทึกของเข้า-ออก'!$F:$F,สรุป!M$5,'บันทึกของเข้า-ออก'!$D:$D,">="&สรุป!$F$2,'บันทึกของเข้า-ออก'!$D:$D,"<="&สรุป!$G$2) -> 1 | ... R18: =AK18+SUMIFS('บันทึกของเข้า-ออก'!$J:$J,'บันทึกของเข้า-ออก'!$B:$B,สรุป!$C18,'บันทึกของเข้า-ออก'!$L:$L,สรุป!R$5,'บันทึกของเข้า-ออก'!$I:$I,">="&สรุป!$F$2,'บันทึกของเข้า-ออก'!$I:$I,"<="&สรุป!$G$2)-SUMIFS('บันทึกของเข้า-ออก'!$E:$E,'บันทึกของเข้า-ออก'!$B:$B,สรุป!$C18,'บันทึกของเข้า-ออก'!$F:$F,สรุป!R$5,'บันทึกของเข้า-ออก'!$D:$D,">="&สรุป!$F$2,'บันทึกของเข้า-ออก'!$D:$D,"<="&สรุป!$G$2) -> 0 | V18: =C18 -> ห้องน้ำสนาม | W18: 1 | X18: ห้อง | Y18: 0 | Z18: 0 | AA18: 0 | AB18: 0 | AC18: 0 | AD18: 0 | AE18: 0 | AF18: 1 | AG18: 0 | AH18: 0 | AI18: 0 | AJ18: 0 | AK18: 0
B19: Site | C19: ห้องน้ำสนาม 2 ห้อง | D19: =SUMIF(F19:T19,">0") -> 1 | E19: ตู้ | F19: =Y19+SUMIFS('บันทึกของเข้า-ออก'!$J:$J,'บันทึกของเข้า-ออก'!$B:$B,สรุป!$C19,'บันทึกของเข้า-ออก'!$L:$L,สรุป!F$5,'บันทึกของเข้า-ออก'!$I:$I,">="&สรุป!$F$2,'บันทึกของเข้า-ออก'!$I:$I,"<="&สรุป!$G$2)-SUMIFS('บันทึกของเข้า-ออก'!$E:$E,'บันทึกของเข้า-ออก'!$B:$B,สรุป!$C19,'บันทึกของเข้า-ออก'!$F:$F,สรุป!F$5,'บันทึกของเข้า-ออก'!$D:$D,">="&สรุป!$F$2,'บันทึกของเข้า-ออก'!$D:$D,"<="&สรุป!$G$2) -> 0 | G19: =Z19+SUMIFS('บันทึกของเข้า-ออก'!$J:$J,'บันทึกของเข้า-ออก'!$B:$B,สรุป!$C19,'บันทึกของเข้า-ออก'!$L:$L,สรุป!G$5,'บันทึกของเข้า-ออก'!$I:$I,">="&สรุป!$F$2,'บันทึกของเข้า-ออก'!$I:$I,"<="&สรุป!$G$2)-SUMIFS('บันทึกของเข้า-ออก'!$E:$E,'บันทึกของเข้า-ออก'!$B:$B,สรุป!$C19,'บันทึกของเข้า-ออก'!$F:$F,สรุป!G$5,'บันทึกของเข้า-ออก'!$D:$D,">="&สรุป!$F$2,'บันทึกของเข้า-ออก'!$D:$D,"<="&สรุป!$G$2) -> 0 | H19: =AA19+SUMIFS('บันทึกของเข้า-ออก'!$J:$J,'บันทึกของเข้า-ออก'!$B:$B,สรุป!$C19,'บันทึกของเข้า-ออก'!$L:$L,สรุป!H$5,'บันทึกของเข้า-ออก'!$I:$I,">="&สรุป!$F$2,'บันทึกของเข้า-ออก'!$I:$I,"<="&สรุป!$G$2)-SUMIFS('บันทึกของเข้า-ออก'!$E:$E,'บันทึกของเข้า-ออก'!$B:$B,สรุป!$C19,'บันทึกของเข้า-ออก'!$F:$F,สรุป!H$5,'บันทึกของเข้า-ออก'!$D:$D,">="&สรุป!$F$2,'บันทึกของเข้า-ออก'!$D:$D,"<="&สรุป!$G$2) -> 0 | I19: =AB19+SUMIFS('บันทึกของเข้า-ออก'!$J:$J,'บันทึกของเข้า-ออก'!$B:$B,สรุป!$C19,'บันทึกของเข้า-ออก'!$L:$L,สรุป!I$5,'บันทึกของเข้า-ออก'!$I:$I,">="&สรุป!$F$2,'บันทึกของเข้า-ออก'!$I:$I,"<="&สรุป!$G$2)-SUMIFS('บันทึกของเข้า-ออก'!$E:$E,'บันทึกของเข้า-ออก'!$B:$B,สรุป!$C19,'บันทึกของเข้า-ออก'!$F:$F,สรุป!I$5,'บันทึกของเข้า-ออก'!$D:$D,">="&สรุป!$F$2,'บันทึกของเข้า-ออก'!$D:$D,"<="&สรุป!$G$2) -> 0 | J19: =AC19+SUMIFS('บันทึกของเข้า-ออก'!$J:$J,'บันทึกของเข้า-ออก'!$B:$B,สรุป!$C19,'บันทึกของเข้า-ออก'!$L:$L,สรุป!J$5,'บันทึกของเข้า-ออก'!$I:$I,">="&สรุป!$F$2,'บันทึกของเข้า-ออก'!$I:$I,"<="&สรุป!$G$2)-SUMIFS('บันทึกของเข้า-ออก'!$E:$E,'บันทึกของเข้า-ออก'!$B:$B,สรุป!$C19,'บันทึกของเข้า-ออก'!$F:$F,สรุป!J$5,'บันทึกของเข้า-ออก'!$D:$D,">="&สรุป!$F$2,'บันทึกของเข้า-ออก'!$D:$D,"<="&สรุป!$G$2) -> 0 | K19: =AD19+SUMIFS('บันทึกของเข้า-ออก'!$J:$J,'บันทึกของเข้า-ออก'!$B:$B,สรุป!$C19,'บันทึกของเข้า-ออก'!$L:$L,สรุป!K$5,'บันทึกของเข้า-ออก'!$I:$I,">="&สรุป!$F$2,'บันทึกของเข้า-ออก'!$I:$I,"<="&สรุป!$G$2)-SUMIFS('บันทึกของเข้า-ออก'!$E:$E,'บันทึกของเข้า-ออก'!$B:$B,สรุป!$C19,'บันทึกของเข้า-ออก'!$F:$F,สรุป!K$5,'บันทึกของเข้า-ออก'!$D:$D,">="&สรุป!$F$2,'บันทึกของเข้า-ออก'!$D:$D,"<="&สรุป!$G$2) -> 0 | L19: =AE19+SUMIFS('บันทึกของเข้า-ออก'!$J:$J,'บันทึกของเข้า-ออก'!$B:$B,สรุป!$C19,'บันทึกของเข้า-ออก'!$L:$L,สรุป!L$5,'บันทึกของเข้า-ออก'!$I:$I,">="&สรุป!$F$2,'บันทึกของเข้า-ออก'!$I:$I,"<="&สรุป!$G$2)-SUMIFS('บันทึกของเข้า-ออก'!$E:$E,'บันทึกของเข้า-ออก'!$B:$B,สรุป!$C19,'บันทึกของเข้า-ออก'!$F:$F,สรุป!L$5,'บันทึกของเข้า-ออก'!$D:$D,">="&สรุป!$F$2,'บันทึกของเข้า-ออก'!$D:$D,"<="&สรุป!$G$2) -> 0 | M19: =AF19+SUMIFS('บันทึกของเข้า-ออก'!$J:$J,'บันทึกของเข้า-ออก'!$B:$B,สรุป!$C19,'บันทึกของเข้า-ออก'!$L:$L,สรุป!M$5,'บันทึกของเข้า-ออก'!$I:$I,">="&สรุป!$F$2,'บันทึกของเข้า-ออก'!$I:$I,"<="&สรุป!$G$2)-SUMIFS('บันทึกของเข้า-ออก'!$E:$E,'บันทึกของเข้า-ออก'!$B:$B,สรุป!$C19,'บันทึกของเข้า-ออก'!$F:$F,สรุป!M$5,'บันทึกของเข้า-ออก'!$D:$D,">="&สรุป!$F$2,'บันทึกของเข้า-ออก'!$D:$D,"<="&สรุป!$G$2) -> 1 | ... R19: =AK19+SUMIFS('บันทึกของเข้า-ออก'!$J:$J,'บันทึกของเข้า-ออก'!$B:$B,สรุป!$C19,'บันทึกของเข้า-ออก'!$L:$L,สรุป!R$5,'บันทึกของเข้า-ออก'!$I:$I,">="&สรุป!$F$2,'บันทึกของเข้า-ออก'!$I:$I,"<="&สรุป!$G$2)-SUMIFS('บันทึกของเข้า-ออก'!$E:$E,'บันทึกของเข้า-ออก'!$B:$B,สรุป!$C19,'บันทึกของเข้า-ออก'!$F:$F,สรุป!R$5,'บันทึกของเข้า-ออก'!$D:$D,">="&สรุป!$F$2,'บันทึกของเข้า-ออก'!$D:$D,"<="&สรุป!$G$2) -> 0 | V19: =C19 -> ห้องน้ำสนาม 2 ห้อง | W19: 1 | X19: ตู้ | Y19: 0 | Z19: 0 | AA19: 0 | AB19: 0 | AC19: 0 | AD19: 0 | AE19: 0 | AF19: 1 | AG19: 0 | AH19: 0 | AI19: 0 | AJ19: 0 | AK19: 0
B20: Site | C20: ตู้สนาม(ตู้คอนเทนเนอร์) | D20: =SUMIF(F20:T20,">0") -> 1 | E20: ตู้ | F20: =Y20+SUMIFS('บันทึกของเข้า-ออก'!$J:$J,'บันทึกของเข้า-ออก'!$B:$B,สรุป!$C20,'บันทึกของเข้า-ออก'!$L:$L,สรุป!F$5,'บันทึกของเข้า-ออก'!$I:$I,">="&สรุป!$F$2,'บันทึกของเข้า-ออก'!$I:$I,"<="&สรุป!$G$2)-SUMIFS('บันทึกของเข้า-ออก'!$E:$E,'บันทึกของเข้า-ออก'!$B:$B,สรุป!$C20,'บันทึกของเข้า-ออก'!$F:$F,สรุป!F$5,'บันทึกของเข้า-ออก'!$D:$D,">="&สรุป!$F$2,'บันทึกของเข้า-ออก'!$D:$D,"<="&สรุป!$G$2) -> 0 | G20: =Z20+SUMIFS('บันทึกของเข้า-ออก'!$J:$J,'บันทึกของเข้า-ออก'!$B:$B,สรุป!$C20,'บันทึกของเข้า-ออก'!$L:$L,สรุป!G$5,'บันทึกของเข้า-ออก'!$I:$I,">="&สรุป!$F$2,'บันทึกของเข้า-ออก'!$I:$I,"<="&สรุป!$G$2)-SUMIFS('บันทึกของเข้า-ออก'!$E:$E,'บันทึกของเข้า-ออก'!$B:$B,สรุป!$C20,'บันทึกของเข้า-ออก'!$F:$F,สรุป!G$5,'บันทึกของเข้า-ออก'!$D:$D,">="&สรุป!$F$2,'บันทึกของเข้า-ออก'!$D:$D,"<="&สรุป!$G$2) -> 0 | H20: =AA20+SUMIFS('บันทึกของเข้า-ออก'!$J:$J,'บันทึกของเข้า-ออก'!$B:$B,สรุป!$C20,'บันทึกของเข้า-ออก'!$L:$L,สรุป!H$5,'บันทึกของเข้า-ออก'!$I:$I,">="&สรุป!$F$2,'บันทึกของเข้า-ออก'!$I:$I,"<="&สรุป!$G$2)-SUMIFS('บันทึกของเข้า-ออก'!$E:$E,'บันทึกของเข้า-ออก'!$B:$B,สรุป!$C20,'บันทึกของเข้า-ออก'!$F:$F,สรุป!H$5,'บันทึกของเข้า-ออก'!$D:$D,">="&สรุป!$F$2,'บันทึกของเข้า-ออก'!$D:$D,"<="&สรุป!$G$2) -> 0 | I20: =AB20+SUMIFS('บันทึกของเข้า-ออก'!$J:$J,'บันทึกของเข้า-ออก'!$B:$B,สรุป!$C20,'บันทึกของเข้า-ออก'!$L:$L,สรุป!I$5,'บันทึกของเข้า-ออก'!$I:$I,">="&สรุป!$F$2,'บันทึกของเข้า-ออก'!$I:$I,"<="&สรุป!$G$2)-SUMIFS('บันทึกของเข้า-ออก'!$E:$E,'บันทึกของเข้า-ออก'!$B:$B,สรุป!$C20,'บันทึกของเข้า-ออก'!$F:$F,สรุป!I$5,'บันทึกของเข้า-ออก'!$D:$D,">="&สรุป!$F$2,'บันทึกของเข้า-ออก'!$D:$D,"<="&สรุป!$G$2) -> 0 | J20: =AC20+SUMIFS('บันทึกของเข้า-ออก'!$J:$J,'บันทึกของเข้า-ออก'!$B:$B,สรุป!$C20,'บันทึกของเข้า-ออก'!$L:$L,สรุป!J$5,'บันทึกของเข้า-ออก'!$I:$I,">="&สรุป!$F$2,'บันทึกของเข้า-ออก'!$I:$I,"<="&สรุป!$G$2)-SUMIFS('บันทึกของเข้า-ออก'!$E:$E,'บันทึกของเข้า-ออก'!$B:$B,สรุป!$C20,'บันทึกของเข้า-ออก'!$F:$F,สรุป!J$5,'บันทึกของเข้า-ออก'!$D:$D,">="&สรุป!$F$2,'บันทึกของเข้า-ออก'!$D:$D,"<="&สรุป!$G$2) -> 1 | K20: =AD20+SUMIFS('บันทึกของเข้า-ออก'!$J:$J,'บันทึกของเข้า-ออก'!$B:$B,สรุป!$C20,'บันทึกของเข้า-ออก'!$L:$L,สรุป!K$5,'บันทึกของเข้า-ออก'!$I:$I,">="&สรุป!$F$2,'บันทึกของเข้า-ออก'!$I:$I,"<="&สรุป!$G$2)-SUMIFS('บันทึกของเข้า-ออก'!$E:$E,'บันทึกของเข้า-ออก'!$B:$B,สรุป!$C20,'บันทึกของเข้า-ออก'!$F:$F,สรุป!K$5,'บันทึกของเข้า-ออก'!$D:$D,">="&สรุป!$F$2,'บันทึกของเข้า-ออก'!$D:$D,"<="&สรุป!$G$2) -> 0 | L20: =AE20+SUMIFS('บันทึกของเข้า-ออก'!$J:$J,'บันทึกของเข้า-ออก'!$B:$B,สรุป!$C20,'บันทึกของเข้า-ออก'!$L:$L,สรุป!L$5,'บันทึกของเข้า-ออก'!$I:$I,">="&สรุป!$F$2,'บันทึกของเข้า-ออก'!$I:$I,"<="&สรุป!$G$2)-SUMIFS('บันทึกของเข้า-ออก'!$E:$E,'บันทึกของเข้า-ออก'!$B:$B,สรุป!$C20,'บันทึกของเข้า-ออก'!$F:$F,สรุป!L$5,'บันทึกของเข้า-ออก'!$D:$D,">="&สรุป!$F$2,'บันทึกของเข้า-ออก'!$D:$D,"<="&สรุป!$G$2) -> 0 | M20: =AF20+SUMIFS('บันทึกของเข้า-ออก'!$J:$J,'บันทึกของเข้า-ออก'!$B:$B,สรุป!$C20,'บันทึกของเข้า-ออก'!$L:$L,สรุป!M$5,'บันทึกของเข้า-ออก'!$I:$I,">="&สรุป!$F$2,'บันทึกของเข้า-ออก'!$I:$I,"<="&สรุป!$G$2)-SUMIFS('บันทึกของเข้า-ออก'!$E:$E,'บันทึกของเข้า-ออก'!$B:$B,สรุป!$C20,'บันทึกของเข้า-ออก'!$F:$F,สรุป!M$5,'บันทึกของเข้า-ออก'!$D:$D,">="&สรุป!$F$2,'บันทึกของเข้า-ออก'!$D:$D,"<="&สรุป!$G$2) -> 0 | ... R20: =AK20+SUMIFS('บันทึกของเข้า-ออก'!$J:$J,'บันทึกของเข้า-ออก'!$B:$B,สรุป!$C20,'บันทึกของเข้า-ออก'!$L:$L,สรุป!R$5,'บันทึกของเข้า-ออก'!$I:$I,">="&สรุป!$F$2,'บันทึกของเข้า-ออก'!$I:$I,"<="&สรุป!$G$2)-SUMIFS('บันทึกของเข้า-ออก'!$E:$E,'บันทึกของเข้า-ออก'!$B:$B,สรุป!$C20,'บันทึกของเข้า-ออก'!$F:$F,สรุป!R$5,'บันทึกของเข้า-ออก'!$D:$D,">="&สรุป!$F$2,'บันทึกของเข้า-ออก'!$D:$D,"<="&สรุป!$G$2) -> 0 | V20: =C20 -> ตู้สนาม(ตู้คอนเทนเนอร์) | W20: 1 | X20: ตู้ | Y20: 0 | Z20: 0 | AA20: 0 | AB20: 0 | AC20: 1 | AD20: 0 | AE20: 0 | AF20: 0 | AG20: 0 | AH20: 0 | AI20: 0 | AJ20: 0 | AK20: 0
B21: Site | C21: ตู้สโตร์ | D21: =SUMIF(F21:T21,">0") -> 1 | E21: ตู้ | F21: =Y21+SUMIFS('บันทึกของเข้า-ออก'!$J:$J,'บันทึกของเข้า-ออก'!$B:$B,สรุป!$C21,'บันทึกของเข้า-ออก'!$L:$L,สรุป!F$5,'บันทึกของเข้า-ออก'!$I:$I,">="&สรุป!$F$2,'บันทึกของเข้า-ออก'!$I:$I,"<="&สรุป!$G$2)-SUMIFS('บันทึกของเข้า-ออก'!$E:$E,'บันทึกของเข้า-ออก'!$B:$B,สรุป!$C21,'บันทึกของเข้า-ออก'!$F:$F,สรุป!F$5,'บันทึกของเข้า-ออก'!$D:$D,">="&สรุป!$F$2,'บันทึกของเข้า-ออก'!$D:$D,"<="&สรุป!$G$2) -> 0 | G21: =Z21+SUMIFS('บันทึกของเข้า-ออก'!$J:$J,'บันทึกของเข้า-ออก'!$B:$B,สรุป!$C21,'บันทึกของเข้า-ออก'!$L:$L,สรุป!G$5,'บันทึกของเข้า-ออก'!$I:$I,">="&สรุป!$F$2,'บันทึกของเข้า-ออก'!$I:$I,"<="&สรุป!$G$2)-SUMIFS('บันทึกของเข้า-ออก'!$E:$E,'บันทึกของเข้า-ออก'!$B:$B,สรุป!$C21,'บันทึกของเข้า-ออก'!$F:$F,สรุป!G$5,'บันทึกของเข้า-ออก'!$D:$D,">="&สรุป!$F$2,'บันทึกของเข้า-ออก'!$D:$D,"<="&สรุป!$G$2) -> 0 | H21: =AA21+SUMIFS('บันทึกของเข้า-ออก'!$J:$J,'บันทึกของเข้า-ออก'!$B:$B,สรุป!$C21,'บันทึกของเข้า-ออก'!$L:$L,สรุป!H$5,'บันทึกของเข้า-ออก'!$I:$I,">="&สรุป!$F$2,'บันทึกของเข้า-ออก'!$I:$I,"<="&สรุป!$G$2)-SUMIFS('บันทึกของเข้า-ออก'!$E:$E,'บันทึกของเข้า-ออก'!$B:$B,สรุป!$C21,'บันทึกของเข้า-ออก'!$F:$F,สรุป!H$5,'บันทึกของเข้า-ออก'!$D:$D,">="&สรุป!$F$2,'บันทึกของเข้า-ออก'!$D:$D,"<="&สรุป!$G$2) -> 0 | I21: =AB21+SUMIFS('บันทึกของเข้า-ออก'!$J:$J,'บันทึกของเข้า-ออก'!$B:$B,สรุป!$C21,'บันทึกของเข้า-ออก'!$L:$L,สรุป!I$5,'บันทึกของเข้า-ออก'!$I:$I,">="&สรุป!$F$2,'บันทึกของเข้า-ออก'!$I:$I,"<="&สรุป!$G$2)-SUMIFS('บันทึกของเข้า-ออก'!$E:$E,'บันทึกของเข้า-ออก'!$B:$B,สรุป!$C21,'บันทึกของเข้า-ออก'!$F:$F,สรุป!I$5,'บันทึกของเข้า-ออก'!$D:$D,">="&สรุป!$F$2,'บันทึกของเข้า-ออก'!$D:$D,"<="&สรุป!$G$2) -> 0 | J21: =AC21+SUMIFS('บันทึกของเข้า-ออก'!$J:$J,'บันทึกของเข้า-ออก'!$B:$B,สรุป!$C21,'บันทึกของเข้า-ออก'!$L:$L,สรุป!J$5,'บันทึกของเข้า-ออก'!$I:$I,">="&สรุป!$F$2,'บันทึกของเข้า-ออก'!$I:$I,"<="&สรุป!$G$2)-SUMIFS('บันทึกของเข้า-ออก'!$E:$E,'บันทึกของเข้า-ออก'!$B:$B,สรุป!$C21,'บันทึกของเข้า-ออก'!$F:$F,สรุป!J$5,'บันทึกของเข้า-ออก'!$D:$D,">="&สรุป!$F$2,'บันทึกของเข้า-ออก'!$D:$D,"<="&สรุป!$G$2) -> 0 | K21: =AD21+SUMIFS('บันทึกของเข้า-ออก'!$J:$J,'บันทึกของเข้า-ออก'!$B:$B,สรุป!$C21,'บันทึกของเข้า-ออก'!$L:$L,สรุป!K$5,'บันทึกของเข้า-ออก'!$I:$I,">="&สรุป!$F$2,'บันทึกของเข้า-ออก'!$I:$I,"<="&สรุป!$G$2)-SUMIFS('บันทึกของเข้า-ออก'!$E:$E,'บันทึกของเข้า-ออก'!$B:$B,สรุป!$C21,'บันทึกของเข้า-ออก'!$F:$F,สรุป!K$5,'บันทึกของเข้า-ออก'!$D:$D,">="&สรุป!$F$2,'บันทึกของเข้า-ออก'!$D:$D,"<="&สรุป!$G$2) -> 0 | L21: =AE21+SUMIFS('บันทึกของเข้า-ออก'!$J:$J,'บันทึกของเข้า-ออก'!$B:$B,สรุป!$C21,'บันทึกของเข้า-ออก'!$L:$L,สรุป!L$5,'บันทึกของเข้า-ออก'!$I:$I,">="&สรุป!$F$2,'บันทึกของเข้า-ออก'!$I:$I,"<="&สรุป!$G$2)-SUMIFS('บันทึกของเข้า-ออก'!$E:$E,'บันทึกของเข้า-ออก'!$B:$B,สรุป!$C21,'บันทึกของเข้า-ออก'!$F:$F,สรุป!L$5,'บันทึกของเข้า-ออก'!$D:$D,">="&สรุป!$F$2,'บันทึกของเข้า-ออก'!$D:$D,"<="&สรุป!$G$2) -> 0 | M21: =AF21+SUMIFS('บันทึกของเข้า-ออก'!$J:$J,'บันทึกของเข้า-ออก'!$B:$B,สรุป!$C21,'บันทึกของเข้า-ออก'!$L:$L,สรุป!M$5,'บันทึกของเข้า-ออก'!$I:$I,">="&สรุป!$F$2,'บันทึกของเข้า-ออก'!$I:$I,"<="&สรุป!$G$2)-SUMIFS('บันทึกของเข้า-ออก'!$E:$E,'บันทึกของเข้า-ออก'!$B:$B,สรุป!$C21,'บันทึกของเข้า-ออก'!$F:$F,สรุป!M$5,'บันทึกของเข้า-ออก'!$D:$D,">="&สรุป!$F$2,'บันทึกของเข้า-ออก'!$D:$D,"<="&สรุป!$G$2) -> 1 | ... R21: =AK21+SUMIFS('บันทึกของเข้า-ออก'!$J:$J,'บันทึกของเข้า-ออก'!$B:$B,สรุป!$C21,'บันทึกของเข้า-ออก'!$L:$L,สรุป!R$5,'บันทึกของเข้า-ออก'!$I:$I,">="&สรุป!$F$2,'บันทึกของเข้า-ออก'!$I:$I,"<="&สรุป!$G$2)-SUMIFS('บันทึกของเข้า-ออก'!$E:$E,'บันทึกของเข้า-ออก'!$B:$B,สรุป!$C21,'บันทึกของเข้า-ออก'!$F:$F,สรุป!R$5,'บันทึกของเข้า-ออก'!$D:$D,">="&สรุป!$F$2,'บันทึกของเข้า-ออก'!$D:$D,"<="&สรุป!$G$2) -> 0 | V21: =C21 -> ตู้สโตร์ | W21: 1 | X21: ตู้ | Y21: 0 | Z21: 0 | AA21: 0 | AB21: 0 | AC21: 0 | AD21: 0 | AE21: 0 | AF21: 1 | AG21: 0 | AH21: 0 | AI21: 0 | AJ21: 0 | AK21: 0
B22: Site | C22: ผ้าใบเคลือบ คลุมวัสดุ 4x6 (สีฟ้า) | D22: =SUMIF(F22:T22,">0") -> 12 | E22: ผืน | F22: =Y22+SUMIFS('บันทึกของเข้า-ออก'!$J:$J,'บันทึกของเข้า-ออก'!$B:$B,สรุป!$C22,'บันทึกของเข้า-ออก'!$L:$L,สรุป!F$5,'บันทึกของเข้า-ออก'!$I:$I,">="&สรุป!$F$2,'บันทึกของเข้า-ออก'!$I:$I,"<="&สรุป!$G$2)-SUMIFS('บันทึกของเข้า-ออก'!$E:$E,'บันทึกของเข้า-ออก'!$B:$B,สรุป!$C22,'บันทึกของเข้า-ออก'!$F:$F,สรุป!F$5,'บันทึกของเข้า-ออก'!$D:$D,">="&สรุป!$F$2,'บันทึกของเข้า-ออก'!$D:$D,"<="&สรุป!$G$2) -> 3 | G22: =Z22+SUMIFS('บันทึกของเข้า-ออก'!$J:$J,'บันทึกของเข้า-ออก'!$B:$B,สรุป!$C22,'บันทึกของเข้า-ออก'!$L:$L,สรุป!G$5,'บันทึกของเข้า-ออก'!$I:$I,">="&สรุป!$F$2,'บันทึกของเข้า-ออก'!$I:$I,"<="&สรุป!$G$2)-SUMIFS('บันทึกของเข้า-ออก'!$E:$E,'บันทึกของเข้า-ออก'!$B:$B,สรุป!$C22,'บันทึกของเข้า-ออก'!$F:$F,สรุป!G$5,'บันทึกของเข้า-ออก'!$D:$D,">="&สรุป!$F$2,'บันทึกของเข้า-ออก'!$D:$D,"<="&สรุป!$G$2) -> 0 | H22: =AA22+SUMIFS('บันทึกของเข้า-ออก'!$J:$J,'บันทึกของเข้า-ออก'!$B:$B,สรุป!$C22,'บันทึกของเข้า-ออก'!$L:$L,สรุป!H$5,'บันทึกของเข้า-ออก'!$I:$I,">="&สรุป!$F$2,'บันทึกของเข้า-ออก'!$I:$I,"<="&สรุป!$G$2)-SUMIFS('บันทึกของเข้า-ออก'!$E:$E,'บันทึกของเข้า-ออก'!$B:$B,สรุป!$C22,'บันทึกของเข้า-ออก'!$F:$F,สรุป!H$5,'บันทึกของเข้า-ออก'!$D:$D,">="&สรุป!$F$2,'บันทึกของเข้า-ออก'!$D:$D,"<="&สรุป!$G$2) -> 0 | I22: =AB22+SUMIFS('บันทึกของเข้า-ออก'!$J:$J,'บันทึกของเข้า-ออก'!$B:$B,สรุป!$C22,'บันทึกของเข้า-ออก'!$L:$L,สรุป!I$5,'บันทึกของเข้า-ออก'!$I:$I,">="&สรุป!$F$2,'บันทึกของเข้า-ออก'!$I:$I,"<="&สรุป!$G$2)-SUMIFS('บันทึกของเข้า-ออก'!$E:$E,'บันทึกของเข้า-ออก'!$B:$B,สรุป!$C22,'บันทึกของเข้า-ออก'!$F:$F,สรุป!I$5,'บันทึกของเข้า-ออก'!$D:$D,">="&สรุป!$F$2,'บันทึกของเข้า-ออก'!$D:$D,"<="&สรุป!$G$2) -> 0 | J22: 3 | K22: =AD22+SUMIFS('บันทึกของเข้า-ออก'!$J:$J,'บันทึกของเข้า-ออก'!$B:$B,สรุป!$C22,'บันทึกของเข้า-ออก'!$L:$L,สรุป!K$5,'บันทึกของเข้า-ออก'!$I:$I,">="&สรุป!$F$2,'บันทึกของเข้า-ออก'!$I:$I,"<="&สรุป!$G$2)-SUMIFS('บันทึกของเข้า-ออก'!$E:$E,'บันทึกของเข้า-ออก'!$B:$B,สรุป!$C22,'บันทึกของเข้า-ออก'!$F:$F,สรุป!K$5,'บันทึกของเข้า-ออก'!$D:$D,">="&สรุป!$F$2,'บันทึกของเข้า-ออก'!$D:$D,"<="&สรุป!$G$2) -> 0 | L22: =AE22+SUMIFS('บันทึกของเข้า-ออก'!$J:$J,'บันทึกของเข้า-ออก'!$B:$B,สรุป!$C22,'บันทึกของเข้า-ออก'!$L:$L,สรุป!L$5,'บันทึกของเข้า-ออก'!$I:$I,">="&สรุป!$F$2,'บันทึกของเข้า-ออก'!$I:$I,"<="&สรุป!$G$2)-SUMIFS('บันทึกของเข้า-ออก'!$E:$E,'บันทึกของเข้า-ออก'!$B:$B,สรุป!$C22,'บันทึกของเข้า-ออก'!$F:$F,สรุป!L$5,'บันทึกของเข้า-ออก'!$D:$D,">="&สรุป!$F$2,'บันทึกของเข้า-ออก'!$D:$D,"<="&สรุป!$G$2) -> 0 | M22: 3 | N22: =AG22+SUMIFS('บันทึกของเข้า-ออก'!$J:$J,'บันทึกของเข้า-ออก'!$B:$B,สรุป!$C22,'บันทึกของเข้า-ออก'!$L:$L,สรุป!N$5,'บันทึกของเข้า-ออก'!$I:$I,">="&สรุป!$F$2,'บันทึกของเข้า-ออก'!$I:$I,"<="&สรุป!$G$2)-SUMIFS('บันทึกของเข้า-ออก'!$E:$E,'บันทึกของเข้า-ออก'!$B:$B,สรุป!$C22,'บันทึกของเข้า-ออก'!$F:$F,สรุป!N$5,'บันทึกของเข้า-ออก'!$D:$D,">="&สรุป!$F$2,'บันทึกของเข้า-ออก'!$D:$D,"<="&สรุป!$G$2) -> 0 | O22: 3 | P22: =AI22+SUMIFS('บันทึกของเข้า-ออก'!$J:$J,'บันทึกของเข้า-ออก'!$B:$B,สรุป!$C22,'บันทึกของเข้า-ออก'!$L:$L,สรุป!P$5,'บันทึกของเข้า-ออก'!$I:$I,">="&สรุป!$F$2,'บันทึกของเข้า-ออก'!$I:$I,"<="&สรุป!$G$2)-SUMIFS('บันทึกของเข้า-ออก'!$E:$E,'บันทึกของเข้า-ออก'!$B:$B,สรุป!$C22,'บันทึกของเข้า-ออก'!$F:$F,สรุป!P$5,'บันทึกของเข้า-ออก'!$D:$D,">="&สรุป!$F$2,'บันทึกของเข้า-ออก'!$D:$D,"<="&สรุป!$G$2) -> 0 | Q22: =AJ22+SUMIFS('บันทึกของเข้า-ออก'!$J:$J,'บันทึกของเข้า-ออก'!$B:$B,สรุป!$C22,'บันทึกของเข้า-ออก'!$L:$L,สรุป!Q$5,'บันทึกของเข้า-ออก'!$I:$I,">="&สรุป!$F$2,'บันทึกของเข้า-ออก'!$I:$I,"<="&สรุป!$G$2)-SUMIFS('บันทึกของเข้า-ออก'!$E:$E,'บันทึกของเข้า-ออก'!$B:$B,สรุป!$C22,'บันทึกของเข้า-ออก'!$F:$F,สรุป!Q$5,'บันทึกของเข้า-ออก'!$D:$D,">="&สรุป!$F$2,'บันทึกของเข้า-ออก'!$D:$D,"<="&สรุป!$G$2) -> 0 | R22: =AK22+SUMIFS('บันทึกของเข้า-ออก'!$J:$J,'บันทึกของเข้า-ออก'!$B:$B,สรุป!$C22,'บันทึกของเข้า-ออก'!$L:$L,สรุป!R$5,'บันทึกของเข้า-ออก'!$I:$I,">="&สรุป!$F$2,'บันทึกของเข้า-ออก'!$I:$I,"<="&สรุป!$G$2)-SUMIFS('บันทึกของเข้า-ออก'!$E:$E,'บันทึกของเข้า-ออก'!$B:$B,สรุป!$C22,'บันทึกของเข้า-ออก'!$F:$F,สรุป!R$5,'บันทึกของเข้า-ออก'!$D:$D,">="&สรุป!$F$2,'บันทึกของเข้า-ออก'!$D:$D,"<="&สรุป!$G$2) -> 0 | V22: =C22 -> ผ้าใบเคลือบ คลุมวัสดุ 4x6 (สีฟ้า) | W22: 3 | X22: ผืน | Y22: 0 | Z22: 0 | AA22: 0 | AB22: 0 | AC22: 0 | AD22: 0 | AE22: 0 | AF22: 0 | AG22: 0 | AH22: 0 | AI22: 0 | AJ22: 0 | AK22: 0
B23: Site | C23: ชุดเต๊น ผ้าใบ + ขา | D23: 4 | E23: หลัง | F23: =Y23+SUMIFS('บันทึกของเข้า-ออก'!$J:$J,'บันทึกของเข้า-ออก'!$B:$B,สรุป!$C23,'บันทึกของเข้า-ออก'!$L:$L,สรุป!F$5,'บันทึกของเข้า-ออก'!$I:$I,">="&สรุป!$F$2,'บันทึกของเข้า-ออก'!$I:$I,"<="&สรุป!$G$2)-SUMIFS('บันทึกของเข้า-ออก'!$E:$E,'บันทึกของเข้า-ออก'!$B:$B,สรุป!$C23,'บันทึกของเข้า-ออก'!$F:$F,สรุป!F$5,'บันทึกของเข้า-ออก'!$D:$D,">="&สรุป!$F$2,'บันทึกของเข้า-ออก'!$D:$D,"<="&สรุป!$G$2) -> 0 | G23: =Z23+SUMIFS('บันทึกของเข้า-ออก'!$J:$J,'บันทึกของเข้า-ออก'!$B:$B,สรุป!$C23,'บันทึกของเข้า-ออก'!$L:$L,สรุป!G$5,'บันทึกของเข้า-ออก'!$I:$I,">="&สรุป!$F$2,'บันทึกของเข้า-ออก'!$I:$I,"<="&สรุป!$G$2)-SUMIFS('บันทึกของเข้า-ออก'!$E:$E,'บันทึกของเข้า-ออก'!$B:$B,สรุป!$C23,'บันทึกของเข้า-ออก'!$F:$F,สรุป!G$5,'บันทึกของเข้า-ออก'!$D:$D,">="&สรุป!$F$2,'บันทึกของเข้า-ออก'!$D:$D,"<="&สรุป!$G$2) -> 0 | H23: =AA23+SUMIFS('บันทึกของเข้า-ออก'!$J:$J,'บันทึกของเข้า-ออก'!$B:$B,สรุป!$C23,'บันทึกของเข้า-ออก'!$L:$L,สรุป!H$5,'บันทึกของเข้า-ออก'!$I:$I,">="&สรุป!$F$2,'บันทึกของเข้า-ออก'!$I:$I,"<="&สรุป!$G$2)-SUMIFS('บันทึกของเข้า-ออก'!$E:$E,'บันทึกของเข้า-ออก'!$B:$B,สรุป!$C23,'บันทึกของเข้า-ออก'!$F:$F,สรุป!H$5,'บันทึกของเข้า-ออก'!$D:$D,">="&สรุป!$F$2,'บันทึกของเข้า-ออก'!$D:$D,"<="&สรุป!$G$2) -> 0 | I23: =AB23+SUMIFS('บันทึกของเข้า-ออก'!$J:$J,'บันทึกของเข้า-ออก'!$B:$B,สรุป!$C23,'บันทึกของเข้า-ออก'!$L:$L,สรุป!I$5,'บันทึกของเข้า-ออก'!$I:$I,">="&สรุป!$F$2,'บันทึกของเข้า-ออก'!$I:$I,"<="&สรุป!$G$2)-SUMIFS('บันทึกของเข้า-ออก'!$E:$E,'บันทึกของเข้า-ออก'!$B:$B,สรุป!$C23,'บันทึกของเข้า-ออก'!$F:$F,สรุป!I$5,'บันทึกของเข้า-ออก'!$D:$D,">="&สรุป!$F$2,'บันทึกของเข้า-ออก'!$D:$D,"<="&สรุป!$G$2) -> 0 | J23: =AC23+SUMIFS('บันทึกของเข้า-ออก'!$J:$J,'บันทึกของเข้า-ออก'!$B:$B,สรุป!$C23,'บันทึกของเข้า-ออก'!$L:$L,สรุป!J$5,'บันทึกของเข้า-ออก'!$I:$I,">="&สรุป!$F$2,'บันทึกของเข้า-ออก'!$I:$I,"<="&สรุป!$G$2)-SUMIFS('บันทึกของเข้า-ออก'!$E:$E,'บันทึกของเข้า-ออก'!$B:$B,สรุป!$C23,'บันทึกของเข้า-ออก'!$F:$F,สรุป!J$5,'บันทึกของเข้า-ออก'!$D:$D,">="&สรุป!$F$2,'บันทึกของเข้า-ออก'!$D:$D,"<="&สรุป!$G$2) -> 0 | K23: =AD23+SUMIFS('บันทึกของเข้า-ออก'!$J:$J,'บันทึกของเข้า-ออก'!$B:$B,สรุป!$C23,'บันทึกของเข้า-ออก'!$L:$L,สรุป!K$5,'บันทึกของเข้า-ออก'!$I:$I,">="&สรุป!$F$2,'บันทึกของเข้า-ออก'!$I:$I,"<="&สรุป!$G$2)-SUMIFS('บันทึกของเข้า-ออก'!$E:$E,'บันทึกของเข้า-ออก'!$B:$B,สรุป!$C23,'บันทึกของเข้า-ออก'!$F:$F,สรุป!K$5,'บันทึกของเข้า-ออก'!$D:$D,">="&สรุป!$F$2,'บันทึกของเข้า-ออก'!$D:$D,"<="&สรุป!$G$2) -> 0 | L23: =AE23+SUMIFS('บันทึกของเข้า-ออก'!$J:$J,'บันทึกของเข้า-ออก'!$B:$B,สรุป!$C23,'บันทึกของเข้า-ออก'!$L:$L,สรุป!L$5,'บันทึกของเข้า-ออก'!$I:$I,">="&สรุป!$F$2,'บันทึกของเข้า-ออก'!$I:$I,"<="&สรุป!$G$2)-SUMIFS('บันทึกของเข้า-ออก'!$E:$E,'บันทึกของเข้า-ออก'!$B:$B,สรุป!$C23,'บันทึกของเข้า-ออก'!$F:$F,สรุป!L$5,'บันทึกของเข้า-ออก'!$D:$D,">="&สรุป!$F$2,'บันทึกของเข้า-ออก'!$D:$D,"<="&สรุป!$G$2) -> 0 | M23: =AF23+SUMIFS('บันทึกของเข้า-ออก'!$J:$J,'บันทึกของเข้า-ออก'!$B:$B,สรุป!$C23,'บันทึกของเข้า-ออก'!$L:$L,สรุป!M$5,'บันทึกของเข้า-ออก'!$I:$I,">="&สรุป!$F$2,'บันทึกของเข้า-ออก'!$I:$I,"<="&สรุป!$G$2)-SUMIFS('บันทึกของเข้า-ออก'!$E:$E,'บันทึกของเข้า-ออก'!$B:$B,สรุป!$C23,'บันทึกของเข้า-ออก'!$F:$F,สรุป!M$5,'บันทึกของเข้า-ออก'!$D:$D,">="&สรุป!$F$2,'บันทึกของเข้า-ออก'!$D:$D,"<="&สรุป!$G$2) -> 3 | ... R23: =AK23+SUMIFS('บันทึกของเข้า-ออก'!$J:$J,'บันทึกของเข้า-ออก'!$B:$B,สรุป!$C23,'บันทึกของเข้า-ออก'!$L:$L,สรุป!R$5,'บันทึกของเข้า-ออก'!$I:$I,">="&สรุป!$F$2,'บันทึกของเข้า-ออก'!$I:$I,"<="&สรุป!$G$2)-SUMIFS('บันทึกของเข้า-ออก'!$E:$E,'บันทึกของเข้า-ออก'!$B:$B,สรุป!$C23,'บันทึกของเข้า-ออก'!$F:$F,สรุป!R$5,'บันทึกของเข้า-ออก'!$D:$D,">="&สรุป!$F$2,'บันทึกของเข้า-ออก'!$D:$D,"<="&สรุป!$G$2) -> 0 | V23: =C23 -> ชุดเต๊น ผ้าใบ + ขา | W23: 5 | X23: หลัง | Y23: 0 | Z23: 0 | AA23: 0 | AB23: 0 | AC23: 0 | AD23: 0 | AE23: 0 | AF23: 3 | AG23: 0 | AH23: 1 | AI23: 0 | AJ23: 0 | AK23: 0
B24: Survey | C24: ไม้สตาฟ | D24: =SUMIF(F24:T24,">0") -> 2 | E24: อัน | F24: =Y24+SUMIFS('บันทึกของเข้า-ออก'!$J:$J,'บันทึกของเข้า-ออก'!$B:$B,สรุป!$C24,'บันทึกของเข้า-ออก'!$L:$L,สรุป!F$5,'บันทึกของเข้า-ออก'!$I:$I,">="&สรุป!$F$2,'บันทึกของเข้า-ออก'!$I:$I,"<="&สรุป!$G$2)-SUMIFS('บันทึกของเข้า-ออก'!$E:$E,'บันทึกของเข้า-ออก'!$B:$B,สรุป!$C24,'บันทึกของเข้า-ออก'!$F:$F,สรุป!F$5,'บันทึกของเข้า-ออก'!$D:$D,">="&สรุป!$F$2,'บันทึกของเข้า-ออก'!$D:$D,"<="&สรุป!$G$2) -> 0 | G24: =Z24+SUMIFS('บันทึกของเข้า-ออก'!$J:$J,'บันทึกของเข้า-ออก'!$B:$B,สรุป!$C24,'บันทึกของเข้า-ออก'!$L:$L,สรุป!G$5,'บันทึกของเข้า-ออก'!$I:$I,">="&สรุป!$F$2,'บันทึกของเข้า-ออก'!$I:$I,"<="&สรุป!$G$2)-SUMIFS('บันทึกของเข้า-ออก'!$E:$E,'บันทึกของเข้า-ออก'!$B:$B,สรุป!$C24,'บันทึกของเข้า-ออก'!$F:$F,สรุป!G$5,'บันทึกของเข้า-ออก'!$D:$D,">="&สรุป!$F$2,'บันทึกของเข้า-ออก'!$D:$D,"<="&สรุป!$G$2) -> 0 | H24: =AA24+SUMIFS('บันทึกของเข้า-ออก'!$J:$J,'บันทึกของเข้า-ออก'!$B:$B,สรุป!$C24,'บันทึกของเข้า-ออก'!$L:$L,สรุป!H$5,'บันทึกของเข้า-ออก'!$I:$I,">="&สรุป!$F$2,'บันทึกของเข้า-ออก'!$I:$I,"<="&สรุป!$G$2)-SUMIFS('บันทึกของเข้า-ออก'!$E:$E,'บันทึกของเข้า-ออก'!$B:$B,สรุป!$C24,'บันทึกของเข้า-ออก'!$F:$F,สรุป!H$5,'บันทึกของเข้า-ออก'!$D:$D,">="&สรุป!$F$2,'บันทึกของเข้า-ออก'!$D:$D,"<="&สรุป!$G$2) -> 0 | I24: =AB24+SUMIFS('บันทึกของเข้า-ออก'!$J:$J,'บันทึกของเข้า-ออก'!$B:$B,สรุป!$C24,'บันทึกของเข้า-ออก'!$L:$L,สรุป!I$5,'บันทึกของเข้า-ออก'!$I:$I,">="&สรุป!$F$2,'บันทึกของเข้า-ออก'!$I:$I,"<="&สรุป!$G$2)-SUMIFS('บันทึกของเข้า-ออก'!$E:$E,'บันทึกของเข้า-ออก'!$B:$B,สรุป!$C24,'บันทึกของเข้า-ออก'!$F:$F,สรุป!I$5,'บันทึกของเข้า-ออก'!$D:$D,">="&สรุป!$F$2,'บันทึกของเข้า-ออก'!$D:$D,"<="&สรุป!$G$2) -> 0 | J24: =AC24+SUMIFS('บันทึกของเข้า-ออก'!$J:$J,'บันทึกของเข้า-ออก'!$B:$B,สรุป!$C24,'บันทึกของเข้า-ออก'!$L:$L,สรุป!J$5,'บันทึกของเข้า-ออก'!$I:$I,">="&สรุป!$F$2,'บันทึกของเข้า-ออก'!$I:$I,"<="&สรุป!$G$2)-SUMIFS('บันทึกของเข้า-ออก'!$E:$E,'บันทึกของเข้า-ออก'!$B:$B,สรุป!$C24,'บันทึกของเข้า-ออก'!$F:$F,สรุป!J$5,'บันทึกของเข้า-ออก'!$D:$D,">="&สรุป!$F$2,'บันทึกของเข้า-ออก'!$D:$D,"<="&สรุป!$G$2) -> 0 | K24: =AD24+SUMIFS('บันทึกของเข้า-ออก'!$J:$J,'บันทึกของเข้า-ออก'!$B:$B,สรุป!$C24,'บันทึกของเข้า-ออก'!$L:$L,สรุป!K$5,'บันทึกของเข้า-ออก'!$I:$I,">="&สรุป!$F$2,'บันทึกของเข้า-ออก'!$I:$I,"<="&สรุป!$G$2)-SUMIFS('บันทึกของเข้า-ออก'!$E:$E,'บันทึกของเข้า-ออก'!$B:$B,สรุป!$C24,'บันทึกของเข้า-ออก'!$F:$F,สรุป!K$5,'บันทึกของเข้า-ออก'!$D:$D,">="&สรุป!$F$2,'บันทึกของเข้า-ออก'!$D:$D,"<="&สรุป!$G$2) -> 0 | L24: =AE24+SUMIFS('บันทึกของเข้า-ออก'!$J:$J,'บันทึกของเข้า-ออก'!$B:$B,สรุป!$C24,'บันทึกของเข้า-ออก'!$L:$L,สรุป!L$5,'บันทึกของเข้า-ออก'!$I:$I,">="&สรุป!$F$2,'บันทึกของเข้า-ออก'!$I:$I,"<="&สรุป!$G$2)-SUMIFS('บันทึกของเข้า-ออก'!$E:$E,'บันทึกของเข้า-ออก'!$B:$B,สรุป!$C24,'บันทึกของเข้า-ออก'!$F:$F,สรุป!L$5,'บันทึกของเข้า-ออก'!$D:$D,">="&สรุป!$F$2,'บันทึกของเข้า-ออก'!$D:$D,"<="&สรุป!$G$2) -> 0 | M24: =AF24+SUMIFS('บันทึกของเข้า-ออก'!$J:$J,'บันทึกของเข้า-ออก'!$B:$B,สรุป!$C24,'บันทึกของเข้า-ออก'!$L:$L,สรุป!M$5,'บันทึกของเข้า-ออก'!$I:$I,">="&สรุป!$F$2,'บันทึกของเข้า-ออก'!$I:$I,"<="&สรุป!$G$2)-SUMIFS('บันทึกของเข้า-ออก'!$E:$E,'บันทึกของเข้า-ออก'!$B:$B,สรุป!$C24,'บันทึกของเข้า-ออก'!$F:$F,สรุป!M$5,'บันทึกของเข้า-ออก'!$D:$D,">="&สรุป!$F$2,'บันทึกของเข้า-ออก'!$D:$D,"<="&สรุป!$G$2) -> 0 | ... R24: =AK24+SUMIFS('บันทึกของเข้า-ออก'!$J:$J,'บันทึกของเข้า-ออก'!$B:$B,สรุป!$C24,'บันทึกของเข้า-ออก'!$L:$L,สรุป!R$5,'บันทึกของเข้า-ออก'!$I:$I,">="&สรุป!$F$2,'บันทึกของเข้า-ออก'!$I:$I,"<="&สรุป!$G$2)-SUMIFS('บันทึกของเข้า-ออก'!$E:$E,'บันทึกของเข้า-ออก'!$B:$B,สรุป!$C24,'บันทึกของเข้า-ออก'!$F:$F,สรุป!R$5,'บันทึกของเข้า-ออก'!$D:$D,">="&สรุป!$F$2,'บันทึกของเข้า-ออก'!$D:$D,"<="&สรุป!$G$2) -> 0 | V24: =C24 -> ไม้สตาฟ | W24: 3 | X24: อัน | Y24: 0 | Z24: 1 | AA24: 0 | AB24: 0 | AC24: 0 | AD24: 0 | AE24: 0 | AF24: 0 | AG24: 0 | AH24: 1 | AI24: 0 | AJ24: 0 | AK24: 0
B25: Survey | C25: กล้อง total station | D25: =SUMIF(F25:T25,">0") -> 3 | E25: ตัว | F25: =Y25+SUMIFS('บันทึกของเข้า-ออก'!$J:$J,'บันทึกของเข้า-ออก'!$B:$B,สรุป!$C25,'บันทึกของเข้า-ออก'!$L:$L,สรุป!F$5,'บันทึกของเข้า-ออก'!$I:$I,">="&สรุป!$F$2,'บันทึกของเข้า-ออก'!$I:$I,"<="&สรุป!$G$2)-SUMIFS('บันทึกของเข้า-ออก'!$E:$E,'บันทึกของเข้า-ออก'!$B:$B,สรุป!$C25,'บันทึกของเข้า-ออก'!$F:$F,สรุป!F$5,'บันทึกของเข้า-ออก'!$D:$D,">="&สรุป!$F$2,'บันทึกของเข้า-ออก'!$D:$D,"<="&สรุป!$G$2) -> 0 | G25: 1 | H25: =AA25+SUMIFS('บันทึกของเข้า-ออก'!$J:$J,'บันทึกของเข้า-ออก'!$B:$B,สรุป!$C25,'บันทึกของเข้า-ออก'!$L:$L,สรุป!H$5,'บันทึกของเข้า-ออก'!$I:$I,">="&สรุป!$F$2,'บันทึกของเข้า-ออก'!$I:$I,"<="&สรุป!$G$2)-SUMIFS('บันทึกของเข้า-ออก'!$E:$E,'บันทึกของเข้า-ออก'!$B:$B,สรุป!$C25,'บันทึกของเข้า-ออก'!$F:$F,สรุป!H$5,'บันทึกของเข้า-ออก'!$D:$D,">="&สรุป!$F$2,'บันทึกของเข้า-ออก'!$D:$D,"<="&สรุป!$G$2) -> 0 | I25: =AB25+SUMIFS('บันทึกของเข้า-ออก'!$J:$J,'บันทึกของเข้า-ออก'!$B:$B,สรุป!$C25,'บันทึกของเข้า-ออก'!$L:$L,สรุป!I$5,'บันทึกของเข้า-ออก'!$I:$I,">="&สรุป!$F$2,'บันทึกของเข้า-ออก'!$I:$I,"<="&สรุป!$G$2)-SUMIFS('บันทึกของเข้า-ออก'!$E:$E,'บันทึกของเข้า-ออก'!$B:$B,สรุป!$C25,'บันทึกของเข้า-ออก'!$F:$F,สรุป!I$5,'บันทึกของเข้า-ออก'!$D:$D,">="&สรุป!$F$2,'บันทึกของเข้า-ออก'!$D:$D,"<="&สรุป!$G$2) -> 0 | J25: =AC25+SUMIFS('บันทึกของเข้า-ออก'!$J:$J,'บันทึกของเข้า-ออก'!$B:$B,สรุป!$C25,'บันทึกของเข้า-ออก'!$L:$L,สรุป!J$5,'บันทึกของเข้า-ออก'!$I:$I,">="&สรุป!$F$2,'บันทึกของเข้า-ออก'!$I:$I,"<="&สรุป!$G$2)-SUMIFS('บันทึกของเข้า-ออก'!$E:$E,'บันทึกของเข้า-ออก'!$B:$B,สรุป!$C25,'บันทึกของเข้า-ออก'!$F:$F,สรุป!J$5,'บันทึกของเข้า-ออก'!$D:$D,">="&สรุป!$F$2,'บันทึกของเข้า-ออก'!$D:$D,"<="&สรุป!$G$2) -> 0 | K25: =AD25+SUMIFS('บันทึกของเข้า-ออก'!$J:$J,'บันทึกของเข้า-ออก'!$B:$B,สรุป!$C25,'บันทึกของเข้า-ออก'!$L:$L,สรุป!K$5,'บันทึกของเข้า-ออก'!$I:$I,">="&สรุป!$F$2,'บันทึกของเข้า-ออก'!$I:$I,"<="&สรุป!$G$2)-SUMIFS('บันทึกของเข้า-ออก'!$E:$E,'บันทึกของเข้า-ออก'!$B:$B,สรุป!$C25,'บันทึกของเข้า-ออก'!$F:$F,สรุป!K$5,'บันทึกของเข้า-ออก'!$D:$D,">="&สรุป!$F$2,'บันทึกของเข้า-ออก'!$D:$D,"<="&สรุป!$G$2) -> 0 | L25: =AE25+SUMIFS('บันทึกของเข้า-ออก'!$J:$J,'บันทึกของเข้า-ออก'!$B:$B,สรุป!$C25,'บันทึกของเข้า-ออก'!$L:$L,สรุป!L$5,'บันทึกของเข้า-ออก'!$I:$I,">="&สรุป!$F$2,'บันทึกของเข้า-ออก'!$I:$I,"<="&สรุป!$G$2)-SUMIFS('บันทึกของเข้า-ออก'!$E:$E,'บันทึกของเข้า-ออก'!$B:$B,สรุป!$C25,'บันทึกของเข้า-ออก'!$F:$F,สรุป!L$5,'บันทึกของเข้า-ออก'!$D:$D,">="&สรุป!$F$2,'บันทึกของเข้า-ออก'!$D:$D,"<="&สรุป!$G$2) -> 0 | M25: 1 | N25: =AG25+SUMIFS('บันทึกของเข้า-ออก'!$J:$J,'บันทึกของเข้า-ออก'!$B:$B,สรุป!$C25,'บันทึกของเข้า-ออก'!$L:$L,สรุป!N$5,'บันทึกของเข้า-ออก'!$I:$I,">="&สรุป!$F$2,'บันทึกของเข้า-ออก'!$I:$I,"<="&สรุป!$G$2)-SUMIFS('บันทึกของเข้า-ออก'!$E:$E,'บันทึกของเข้า-ออก'!$B:$B,สรุป!$C25,'บันทึกของเข้า-ออก'!$F:$F,สรุป!N$5,'บันทึกของเข้า-ออก'!$D:$D,">="&สรุป!$F$2,'บันทึกของเข้า-ออก'!$D:$D,"<="&สรุป!$G$2) -> 0 | O25: 1 | P25: =AI25+SUMIFS('บันทึกของเข้า-ออก'!$J:$J,'บันทึกของเข้า-ออก'!$B:$B,สรุป!$C25,'บันทึกของเข้า-ออก'!$L:$L,สรุป!P$5,'บันทึกของเข้า-ออก'!$I:$I,">="&สรุป!$F$2,'บันทึกของเข้า-ออก'!$I:$I,"<="&สรุป!$G$2)-SUMIFS('บันทึกของเข้า-ออก'!$E:$E,'บันทึกของเข้า-ออก'!$B:$B,สรุป!$C25,'บันทึกของเข้า-ออก'!$F:$F,สรุป!P$5,'บันทึกของเข้า-ออก'!$D:$D,">="&สรุป!$F$2,'บันทึกของเข้า-ออก'!$D:$D,"<="&สรุป!$G$2) -> 0 | Q25: =AJ25+SUMIFS('บันทึกของเข้า-ออก'!$J:$J,'บันทึกของเข้า-ออก'!$B:$B,สรุป!$C25,'บันทึกของเข้า-ออก'!$L:$L,สรุป!Q$5,'บันทึกของเข้า-ออก'!$I:$I,">="&สรุป!$F$2,'บันทึกของเข้า-ออก'!$I:$I,"<="&สรุป!$G$2)-SUMIFS('บันทึกของเข้า-ออก'!$E:$E,'บันทึกของเข้า-ออก'!$B:$B,สรุป!$C25,'บันทึกของเข้า-ออก'!$F:$F,สรุป!Q$5,'บันทึกของเข้า-ออก'!$D:$D,">="&สรุป!$F$2,'บันทึกของเข้า-ออก'!$D:$D,"<="&สรุป!$G$2) -> 0 | R25: =AK25+SUMIFS('บันทึกของเข้า-ออก'!$J:$J,'บันทึกของเข้า-ออก'!$B:$B,สรุป!$C25,'บันทึกของเข้า-ออก'!$L:$L,สรุป!R$5,'บันทึกของเข้า-ออก'!$I:$I,">="&สรุป!$F$2,'บันทึกของเข้า-ออก'!$I:$I,"<="&สรุป!$G$2)-SUMIFS('บันทึกของเข้า-ออก'!$E:$E,'บันทึกของเข้า-ออก'!$B:$B,สรุป!$C25,'บันทึกของเข้า-ออก'!$F:$F,สรุป!R$5,'บันทึกของเข้า-ออก'!$D:$D,">="&สรุป!$F$2,'บันทึกของเข้า-ออก'!$D:$D,"<="&สรุป!$G$2) -> 0 | V25: =C25 -> กล้อง total station | W25: 3 | X25: ตัว | Y25: 0 | Z25: 0 | AA25: 0 | AB25: 0 | AC25: 0 | AD25: 0 | AE25: 0 | AF25: 0 | AG25: 0 | AH25: 0 | AI25: 0 | AJ25: 0 | AK25: 0
B26: Survey | C26: เลเซอร์ | D26: =SUMIF(F26:T26,">0") -> 1 | E26: ตัว | F26: =Y26+SUMIFS('บันทึกของเข้า-ออก'!$J:$J,'บันทึกของเข้า-ออก'!$B:$B,สรุป!$C26,'บันทึกของเข้า-ออก'!$L:$L,สรุป!F$5,'บันทึกของเข้า-ออก'!$I:$I,">="&สรุป!$F$2,'บันทึกของเข้า-ออก'!$I:$I,"<="&สรุป!$G$2)-SUMIFS('บันทึกของเข้า-ออก'!$E:$E,'บันทึกของเข้า-ออก'!$B:$B,สรุป!$C26,'บันทึกของเข้า-ออก'!$F:$F,สรุป!F$5,'บันทึกของเข้า-ออก'!$D:$D,">="&สรุป!$F$2,'บันทึกของเข้า-ออก'!$D:$D,"<="&สรุป!$G$2) -> 0 | G26: =Z26+SUMIFS('บันทึกของเข้า-ออก'!$J:$J,'บันทึกของเข้า-ออก'!$B:$B,สรุป!$C26,'บันทึกของเข้า-ออก'!$L:$L,สรุป!G$5,'บันทึกของเข้า-ออก'!$I:$I,">="&สรุป!$F$2,'บันทึกของเข้า-ออก'!$I:$I,"<="&สรุป!$G$2)-SUMIFS('บันทึกของเข้า-ออก'!$E:$E,'บันทึกของเข้า-ออก'!$B:$B,สรุป!$C26,'บันทึกของเข้า-ออก'!$F:$F,สรุป!G$5,'บันทึกของเข้า-ออก'!$D:$D,">="&สรุป!$F$2,'บันทึกของเข้า-ออก'!$D:$D,"<="&สรุป!$G$2) -> 0 | H26: =AA26+SUMIFS('บันทึกของเข้า-ออก'!$J:$J,'บันทึกของเข้า-ออก'!$B:$B,สรุป!$C26,'บันทึกของเข้า-ออก'!$L:$L,สรุป!H$5,'บันทึกของเข้า-ออก'!$I:$I,">="&สรุป!$F$2,'บันทึกของเข้า-ออก'!$I:$I,"<="&สรุป!$G$2)-SUMIFS('บันทึกของเข้า-ออก'!$E:$E,'บันทึกของเข้า-ออก'!$B:$B,สรุป!$C26,'บันทึกของเข้า-ออก'!$F:$F,สรุป!H$5,'บันทึกของเข้า-ออก'!$D:$D,">="&สรุป!$F$2,'บันทึกของเข้า-ออก'!$D:$D,"<="&สรุป!$G$2) -> 0 | I26: =AB26+SUMIFS('บันทึกของเข้า-ออก'!$J:$J,'บันทึกของเข้า-ออก'!$B:$B,สรุป!$C26,'บันทึกของเข้า-ออก'!$L:$L,สรุป!I$5,'บันทึกของเข้า-ออก'!$I:$I,">="&สรุป!$F$2,'บันทึกของเข้า-ออก'!$I:$I,"<="&สรุป!$G$2)-SUMIFS('บันทึกของเข้า-ออก'!$E:$E,'บันทึกของเข้า-ออก'!$B:$B,สรุป!$C26,'บันทึกของเข้า-ออก'!$F:$F,สรุป!I$5,'บันทึกของเข้า-ออก'!$D:$D,">="&สรุป!$F$2,'บันทึกของเข้า-ออก'!$D:$D,"<="&สรุป!$G$2) -> 0 | J26: =AC26+SUMIFS('บันทึกของเข้า-ออก'!$J:$J,'บันทึกของเข้า-ออก'!$B:$B,สรุป!$C26,'บันทึกของเข้า-ออก'!$L:$L,สรุป!J$5,'บันทึกของเข้า-ออก'!$I:$I,">="&สรุป!$F$2,'บันทึกของเข้า-ออก'!$I:$I,"<="&สรุป!$G$2)-SUMIFS('บันทึกของเข้า-ออก'!$E:$E,'บันทึกของเข้า-ออก'!$B:$B,สรุป!$C26,'บันทึกของเข้า-ออก'!$F:$F,สรุป!J$5,'บันทึกของเข้า-ออก'!$D:$D,">="&สรุป!$F$2,'บันทึกของเข้า-ออก'!$D:$D,"<="&สรุป!$G$2) -> 1 | K26: =AD26+SUMIFS('บันทึกของเข้า-ออก'!$J:$J,'บันทึกของเข้า-ออก'!$B:$B,สรุป!$C26,'บันทึกของเข้า-ออก'!$L:$L,สรุป!K$5,'บันทึกของเข้า-ออก'!$I:$I,">="&สรุป!$F$2,'บันทึกของเข้า-ออก'!$I:$I,"<="&สรุป!$G$2)-SUMIFS('บันทึกของเข้า-ออก'!$E:$E,'บันทึกของเข้า-ออก'!$B:$B,สรุป!$C26,'บันทึกของเข้า-ออก'!$F:$F,สรุป!K$5,'บันทึกของเข้า-ออก'!$D:$D,">="&สรุป!$F$2,'บันทึกของเข้า-ออก'!$D:$D,"<="&สรุป!$G$2) -> 0 | L26: =AE26+SUMIFS('บันทึกของเข้า-ออก'!$J:$J,'บันทึกของเข้า-ออก'!$B:$B,สรุป!$C26,'บันทึกของเข้า-ออก'!$L:$L,สรุป!L$5,'บันทึกของเข้า-ออก'!$I:$I,">="&สรุป!$F$2,'บันทึกของเข้า-ออก'!$I:$I,"<="&สรุป!$G$2)-SUMIFS('บันทึกของเข้า-ออก'!$E:$E,'บันทึกของเข้า-ออก'!$B:$B,สรุป!$C26,'บันทึกของเข้า-ออก'!$F:$F,สรุป!L$5,'บันทึกของเข้า-ออก'!$D:$D,">="&สรุป!$F$2,'บันทึกของเข้า-ออก'!$D:$D,"<="&สรุป!$G$2) -> 0 | M26: =AF26+SUMIFS('บันทึกของเข้า-ออก'!$J:$J,'บันทึกของเข้า-ออก'!$B:$B,สรุป!$C26,'บันทึกของเข้า-ออก'!$L:$L,สรุป!M$5,'บันทึกของเข้า-ออก'!$I:$I,">="&สรุป!$F$2,'บันทึกของเข้า-ออก'!$I:$I,"<="&สรุป!$G$2)-SUMIFS('บันทึกของเข้า-ออก'!$E:$E,'บันทึกของเข้า-ออก'!$B:$B,สรุป!$C26,'บันทึกของเข้า-ออก'!$F:$F,สรุป!M$5,'บันทึกของเข้า-ออก'!$D:$D,">="&สรุป!$F$2,'บันทึกของเข้า-ออก'!$D:$D,"<="&สรุป!$G$2) -> 0 | ... R26: =AK26+SUMIFS('บันทึกของเข้า-ออก'!$J:$J,'บันทึกของเข้า-ออก'!$B:$B,สรุป!$C26,'บันทึกของเข้า-ออก'!$L:$L,สรุป!R$5,'บันทึกของเข้า-ออก'!$I:$I,">="&สรุป!$F$2,'บันทึกของเข้า-ออก'!$I:$I,"<="&สรุป!$G$2)-SUMIFS('บันทึกของเข้า-ออก'!$E:$E,'บันทึกของเข้า-ออก'!$B:$B,สรุป!$C26,'บันทึกของเข้า-ออก'!$F:$F,สรุป!R$5,'บันทึกของเข้า-ออก'!$D:$D,">="&สรุป!$F$2,'บันทึกของเข้า-ออก'!$D:$D,"<="&สรุป!$G$2) -> 0 | V26: =C26 -> เลเซอร์ | W26: 1 | X26: ตัว | Y26: 0 | Z26: 0 | AA26: 0 | AB26: 0 | AC26: 0 | AD26: 0 | AE26: 0 | AF26: 0 | AG26: 0 | AH26: 0 | AI26: 0 | AJ26: 0 | AK26: 0
B27: Survey | C27: กล้องระดับ | D27: =SUMIF(F27:T27,">0") -> 3 | E27: ตัว | F27: =Y27+SUMIFS('บันทึกของเข้า-ออก'!$J:$J,'บันทึกของเข้า-ออก'!$B:$B,สรุป!$C27,'บันทึกของเข้า-ออก'!$L:$L,สรุป!F$5,'บันทึกของเข้า-ออก'!$I:$I,">="&สรุป!$F$2,'บันทึกของเข้า-ออก'!$I:$I,"<="&สรุป!$G$2)-SUMIFS('บันทึกของเข้า-ออก'!$E:$E,'บันทึกของเข้า-ออก'!$B:$B,สรุป!$C27,'บันทึกของเข้า-ออก'!$F:$F,สรุป!F$5,'บันทึกของเข้า-ออก'!$D:$D,">="&สรุป!$F$2,'บันทึกของเข้า-ออก'!$D:$D,"<="&สรุป!$G$2) -> 0 | G27: =Z27+SUMIFS('บันทึกของเข้า-ออก'!$J:$J,'บันทึกของเข้า-ออก'!$B:$B,สรุป!$C27,'บันทึกของเข้า-ออก'!$L:$L,สรุป!G$5,'บันทึกของเข้า-ออก'!$I:$I,">="&สรุป!$F$2,'บันทึกของเข้า-ออก'!$I:$I,"<="&สรุป!$G$2)-SUMIFS('บันทึกของเข้า-ออก'!$E:$E,'บันทึกของเข้า-ออก'!$B:$B,สรุป!$C27,'บันทึกของเข้า-ออก'!$F:$F,สรุป!G$5,'บันทึกของเข้า-ออก'!$D:$D,">="&สรุป!$F$2,'บันทึกของเข้า-ออก'!$D:$D,"<="&สรุป!$G$2) -> -1 | H27: =AA27+SUMIFS('บันทึกของเข้า-ออก'!$J:$J,'บันทึกของเข้า-ออก'!$B:$B,สรุป!$C27,'บันทึกของเข้า-ออก'!$L:$L,สรุป!H$5,'บันทึกของเข้า-ออก'!$I:$I,">="&สรุป!$F$2,'บันทึกของเข้า-ออก'!$I:$I,"<="&สรุป!$G$2)-SUMIFS('บันทึกของเข้า-ออก'!$E:$E,'บันทึกของเข้า-ออก'!$B:$B,สรุป!$C27,'บันทึกของเข้า-ออก'!$F:$F,สรุป!H$5,'บันทึกของเข้า-ออก'!$D:$D,">="&สรุป!$F$2,'บันทึกของเข้า-ออก'!$D:$D,"<="&สรุป!$G$2) -> 0 | I27: =AB27+SUMIFS('บันทึกของเข้า-ออก'!$J:$J,'บันทึกของเข้า-ออก'!$B:$B,สรุป!$C27,'บันทึกของเข้า-ออก'!$L:$L,สรุป!I$5,'บันทึกของเข้า-ออก'!$I:$I,">="&สรุป!$F$2,'บันทึกของเข้า-ออก'!$I:$I,"<="&สรุป!$G$2)-SUMIFS('บันทึกของเข้า-ออก'!$E:$E,'บันทึกของเข้า-ออก'!$B:$B,สรุป!$C27,'บันทึกของเข้า-ออก'!$F:$F,สรุป!I$5,'บันทึกของเข้า-ออก'!$D:$D,">="&สรุป!$F$2,'บันทึกของเข้า-ออก'!$D:$D,"<="&สรุป!$G$2) -> 0 | J27: 1 | K27: =AD27+SUMIFS('บันทึกของเข้า-ออก'!$J:$J,'บันทึกของเข้า-ออก'!$B:$B,สรุป!$C27,'บันทึกของเข้า-ออก'!$L:$L,สรุป!K$5,'บันทึกของเข้า-ออก'!$I:$I,">="&สรุป!$F$2,'บันทึกของเข้า-ออก'!$I:$I,"<="&สรุป!$G$2)-SUMIFS('บันทึกของเข้า-ออก'!$E:$E,'บันทึกของเข้า-ออก'!$B:$B,สรุป!$C27,'บันทึกของเข้า-ออก'!$F:$F,สรุป!K$5,'บันทึกของเข้า-ออก'!$D:$D,">="&สรุป!$F$2,'บันทึกของเข้า-ออก'!$D:$D,"<="&สรุป!$G$2) -> 0 | L27: =AE27+SUMIFS('บันทึกของเข้า-ออก'!$J:$J,'บันทึกของเข้า-ออก'!$B:$B,สรุป!$C27,'บันทึกของเข้า-ออก'!$L:$L,สรุป!L$5,'บันทึกของเข้า-ออก'!$I:$I,">="&สรุป!$F$2,'บันทึกของเข้า-ออก'!$I:$I,"<="&สรุป!$G$2)-SUMIFS('บันทึกของเข้า-ออก'!$E:$E,'บันทึกของเข้า-ออก'!$B:$B,สรุป!$C27,'บันทึกของเข้า-ออก'!$F:$F,สรุป!L$5,'บันทึกของเข้า-ออก'!$D:$D,">="&สรุป!$F$2,'บันทึกของเข้า-ออก'!$D:$D,"<="&สรุป!$G$2) -> 0 | M27: 1 | N27: =AG27+SUMIFS('บันทึกของเข้า-ออก'!$J:$J,'บันทึกของเข้า-ออก'!$B:$B,สรุป!$C27,'บันทึกของเข้า-ออก'!$L:$L,สรุป!N$5,'บันทึกของเข้า-ออก'!$I:$I,">="&สรุป!$F$2,'บันทึกของเข้า-ออก'!$I:$I,"<="&สรุป!$G$2)-SUMIFS('บันทึกของเข้า-ออก'!$E:$E,'บันทึกของเข้า-ออก'!$B:$B,สรุป!$C27,'บันทึกของเข้า-ออก'!$F:$F,สรุป!N$5,'บันทึกของเข้า-ออก'!$D:$D,">="&สรุป!$F$2,'บันทึกของเข้า-ออก'!$D:$D,"<="&สรุป!$G$2) -> 0 | O27: 1 | P27: =AI27+SUMIFS('บันทึกของเข้า-ออก'!$J:$J,'บันทึกของเข้า-ออก'!$B:$B,สรุป!$C27,'บันทึกของเข้า-ออก'!$L:$L,สรุป!P$5,'บันทึกของเข้า-ออก'!$I:$I,">="&สรุป!$F$2,'บันทึกของเข้า-ออก'!$I:$I,"<="&สรุป!$G$2)-SUMIFS('บันทึกของเข้า-ออก'!$E:$E,'บันทึกของเข้า-ออก'!$B:$B,สรุป!$C27,'บันทึกของเข้า-ออก'!$F:$F,สรุป!P$5,'บันทึกของเข้า-ออก'!$D:$D,">="&สรุป!$F$2,'บันทึกของเข้า-ออก'!$D:$D,"<="&สรุป!$G$2) -> 0 | Q27: =AJ27+SUMIFS('บันทึกของเข้า-ออก'!$J:$J,'บันทึกของเข้า-ออก'!$B:$B,สรุป!$C27,'บันทึกของเข้า-ออก'!$L:$L,สรุป!Q$5,'บันทึกของเข้า-ออก'!$I:$I,">="&สรุป!$F$2,'บันทึกของเข้า-ออก'!$I:$I,"<="&สรุป!$G$2)-SUMIFS('บันทึกของเข้า-ออก'!$E:$E,'บันทึกของเข้า-ออก'!$B:$B,สรุป!$C27,'บันทึกของเข้า-ออก'!$F:$F,สรุป!Q$5,'บันทึกของเข้า-ออก'!$D:$D,">="&สรุป!$F$2,'บันทึกของเข้า-ออก'!$D:$D,"<="&สรุป!$G$2) -> 0 | R27: =AK27+SUMIFS('บันทึกของเข้า-ออก'!$J:$J,'บันทึกของเข้า-ออก'!$B:$B,สรุป!$C27,'บันทึกของเข้า-ออก'!$L:$L,สรุป!R$5,'บันทึกของเข้า-ออก'!$I:$I,">="&สรุป!$F$2,'บันทึกของเข้า-ออก'!$I:$I,"<="&สรุป!$G$2)-SUMIFS('บันทึกของเข้า-ออก'!$E:$E,'บันทึกของเข้า-ออก'!$B:$B,สรุป!$C27,'บันทึกของเข้า-ออก'!$F:$F,สรุป!R$5,'บันทึกของเข้า-ออก'!$D:$D,">="&สรุป!$F$2,'บันทึกของเข้า-ออก'!$D:$D,"<="&สรุป!$G$2) -> 0 | V27: =C27 -> กล้องระดับ | W27: 3 | X27: ตัว | Y27: 0 | Z27: 0 | AA27: 0 | AB27: 0 | AC27: 0 | AD27: 0 | AE27: 0 | AF27: 0 | AG27: 0 | AH27: 0 | AI27: 0 | AJ27: 0 | AK27: 0
B28: Survey | C28: เทปวัดระยะ 50 ม. | D28: =SUMIF(F28:T28,">0") -> 2 | E28: ม้วน | F28: =Y28+SUMIFS('บันทึกของเข้า-ออก'!$J:$J,'บันทึกของเข้า-ออก'!$B:$B,สรุป!$C28,'บันทึกของเข้า-ออก'!$L:$L,สรุป!F$5,'บันทึกของเข้า-ออก'!$I:$I,">="&สรุป!$F$2,'บันทึกของเข้า-ออก'!$I:$I,"<="&สรุป!$G$2)-SUMIFS('บันทึกของเข้า-ออก'!$E:$E,'บันทึกของเข้า-ออก'!$B:$B,สรุป!$C28,'บันทึกของเข้า-ออก'!$F:$F,สรุป!F$5,'บันทึกของเข้า-ออก'!$D:$D,">="&สรุป!$F$2,'บันทึกของเข้า-ออก'!$D:$D,"<="&สรุป!$G$2) -> 0 | G28: 1 | H28: =AA28+SUMIFS('บันทึกของเข้า-ออก'!$J:$J,'บันทึกของเข้า-ออก'!$B:$B,สรุป!$C28,'บันทึกของเข้า-ออก'!$L:$L,สรุป!H$5,'บันทึกของเข้า-ออก'!$I:$I,">="&สรุป!$F$2,'บันทึกของเข้า-ออก'!$I:$I,"<="&สรุป!$G$2)-SUMIFS('บันทึกของเข้า-ออก'!$E:$E,'บันทึกของเข้า-ออก'!$B:$B,สรุป!$C28,'บันทึกของเข้า-ออก'!$F:$F,สรุป!H$5,'บันทึกของเข้า-ออก'!$D:$D,">="&สรุป!$F$2,'บันทึกของเข้า-ออก'!$D:$D,"<="&สรุป!$G$2) -> 0 | I28: =AB28+SUMIFS('บันทึกของเข้า-ออก'!$J:$J,'บันทึกของเข้า-ออก'!$B:$B,สรุป!$C28,'บันทึกของเข้า-ออก'!$L:$L,สรุป!I$5,'บันทึกของเข้า-ออก'!$I:$I,">="&สรุป!$F$2,'บันทึกของเข้า-ออก'!$I:$I,"<="&สรุป!$G$2)-SUMIFS('บันทึกของเข้า-ออก'!$E:$E,'บันทึกของเข้า-ออก'!$B:$B,สรุป!$C28,'บันทึกของเข้า-ออก'!$F:$F,สรุป!I$5,'บันทึกของเข้า-ออก'!$D:$D,">="&สรุป!$F$2,'บันทึกของเข้า-ออก'!$D:$D,"<="&สรุป!$G$2) -> 0 | J28: =AC28+SUMIFS('บันทึกของเข้า-ออก'!$J:$J,'บันทึกของเข้า-ออก'!$B:$B,สรุป!$C28,'บันทึกของเข้า-ออก'!$L:$L,สรุป!J$5,'บันทึกของเข้า-ออก'!$I:$I,">="&สรุป!$F$2,'บันทึกของเข้า-ออก'!$I:$I,"<="&สรุป!$G$2)-SUMIFS('บันทึกของเข้า-ออก'!$E:$E,'บันทึกของเข้า-ออก'!$B:$B,สรุป!$C28,'บันทึกของเข้า-ออก'!$F:$F,สรุป!J$5,'บันทึกของเข้า-ออก'!$D:$D,">="&สรุป!$F$2,'บันทึกของเข้า-ออก'!$D:$D,"<="&สรุป!$G$2) -> 0 | K28: =AD28+SUMIFS('บันทึกของเข้า-ออก'!$J:$J,'บันทึกของเข้า-ออก'!$B:$B,สรุป!$C28,'บันทึกของเข้า-ออก'!$L:$L,สรุป!K$5,'บันทึกของเข้า-ออก'!$I:$I,">="&สรุป!$F$2,'บันทึกของเข้า-ออก'!$I:$I,"<="&สรุป!$G$2)-SUMIFS('บันทึกของเข้า-ออก'!$E:$E,'บันทึกของเข้า-ออก'!$B:$B,สรุป!$C28,'บันทึกของเข้า-ออก'!$F:$F,สรุป!K$5,'บันทึกของเข้า-ออก'!$D:$D,">="&สรุป!$F$2,'บันทึกของเข้า-ออก'!$D:$D,"<="&สรุป!$G$2) -> 0 | L28: =AE28+SUMIFS('บันทึกของเข้า-ออก'!$J:$J,'บันทึกของเข้า-ออก'!$B:$B,สรุป!$C28,'บันทึกของเข้า-ออก'!$L:$L,สรุป!L$5,'บันทึกของเข้า-ออก'!$I:$I,">="&สรุป!$F$2,'บันทึกของเข้า-ออก'!$I:$I,"<="&สรุป!$G$2)-SUMIFS('บันทึกของเข้า-ออก'!$E:$E,'บันทึกของเข้า-ออก'!$B:$B,สรุป!$C28,'บันทึกของเข้า-ออก'!$F:$F,สรุป!L$5,'บันทึกของเข้า-ออก'!$D:$D,">="&สรุป!$F$2,'บันทึกของเข้า-ออก'!$D:$D,"<="&สรุป!$G$2) -> 0 | M28: =AF28+SUMIFS('บันทึกของเข้า-ออก'!$J:$J,'บันทึกของเข้า-ออก'!$B:$B,สรุป!$C28,'บันทึกของเข้า-ออก'!$L:$L,สรุป!M$5,'บันทึกของเข้า-ออก'!$I:$I,">="&สรุป!$F$2,'บันทึกของเข้า-ออก'!$I:$I,"<="&สรุป!$G$2)-SUMIFS('บันทึกของเข้า-ออก'!$E:$E,'บันทึกของเข้า-ออก'!$B:$B,สรุป!$C28,'บันทึกของเข้า-ออก'!$F:$F,สรุป!M$5,'บันทึกของเข้า-ออก'!$D:$D,">="&สรุป!$F$2,'บันทึกของเข้า-ออก'!$D:$D,"<="&สรุป!$G$2) -> 0 | N28: 1 | O28: =AH28+SUMIFS('บันทึกของเข้า-ออก'!$J:$J,'บันทึกของเข้า-ออก'!$B:$B,สรุป!$C28,'บันทึกของเข้า-ออก'!$L:$L,สรุป!O$5,'บันทึกของเข้า-ออก'!$I:$I,">="&สรุป!$F$2,'บันทึกของเข้า-ออก'!$I:$I,"<="&สรุป!$G$2)-SUMIFS('บันทึกของเข้า-ออก'!$E:$E,'บันทึกของเข้า-ออก'!$B:$B,สรุป!$C28,'บันทึกของเข้า-ออก'!$F:$F,สรุป!O$5,'บันทึกของเข้า-ออก'!$D:$D,">="&สรุป!$F$2,'บันทึกของเข้า-ออก'!$D:$D,"<="&สรุป!$G$2) -> 0 | P28: =AI28+SUMIFS('บันทึกของเข้า-ออก'!$J:$J,'บันทึกของเข้า-ออก'!$B:$B,สรุป!$C28,'บันทึกของเข้า-ออก'!$L:$L,สรุป!P$5,'บันทึกของเข้า-ออก'!$I:$I,">="&สรุป!$F$2,'บันทึกของเข้า-ออก'!$I:$I,"<="&สรุป!$G$2)-SUMIFS('บันทึกของเข้า-ออก'!$E:$E,'บันทึกของเข้า-ออก'!$B:$B,สรุป!$C28,'บันทึกของเข้า-ออก'!$F:$F,สรุป!P$5,'บันทึกของเข้า-ออก'!$D:$D,">="&สรุป!$F$2,'บันทึกของเข้า-ออก'!$D:$D,"<="&สรุป!$G$2) -> 0 | Q28: =AJ28+SUMIFS('บันทึกของเข้า-ออก'!$J:$J,'บันทึกของเข้า-ออก'!$B:$B,สรุป!$C28,'บันทึกของเข้า-ออก'!$L:$L,สรุป!Q$5,'บันทึกของเข้า-ออก'!$I:$I,">="&สรุป!$F$2,'บันทึกของเข้า-ออก'!$I:$I,"<="&สรุป!$G$2)-SUMIFS('บันทึกของเข้า-ออก'!$E:$E,'บันทึกของเข้า-ออก'!$B:$B,สรุป!$C28,'บันทึกของเข้า-ออก'!$F:$F,สรุป!Q$5,'บันทึกของเข้า-ออก'!$D:$D,">="&สรุป!$F$2,'บันทึกของเข้า-ออก'!$D:$D,"<="&สรุป!$G$2) -> 0 | R28: =AK28+SUMIFS('บันทึกของเข้า-ออก'!$J:$J,'บันทึกของเข้า-ออก'!$B:$B,สรุป!$C28,'บันทึกของเข้า-ออก'!$L:$L,สรุป!R$5,'บันทึกของเข้า-ออก'!$I:$I,">="&สรุป!$F$2,'บันทึกของเข้า-ออก'!$I:$I,"<="&สรุป!$G$2)-SUMIFS('บันทึกของเข้า-ออก'!$E:$E,'บันทึกของเข้า-ออก'!$B:$B,สรุป!$C28,'บันทึกของเข้า-ออก'!$F:$F,สรุป!R$5,'บันทึกของเข้า-ออก'!$D:$D,">="&สรุป!$F$2,'บันทึกของเข้า-ออก'!$D:$D,"<="&สรุป!$G$2) -> 0 | V28: =C28 -> เทปวัดระยะ 50 ม. | W28: 2 | X28: ม้วน | Y28: 0 | Z28: 0 | AA28: 0 | AB28: 0 | AC28: 0 | AD28: 0 | AE28: 0 | AF28: 0 | AG28: 0 | AH28: 0 | AI28: 0 | AJ28: 0 | AK28: 0
B29: Survey | C29: ขาตั้งกล้อง | D29: =SUMIF(F29:T29,">0") -> 7 | E29: อัน | F29: =Y29+SUMIFS('บันทึกของเข้า-ออก'!$J:$J,'บันทึกของเข้า-ออก'!$B:$B,สรุป!$C29,'บันทึกของเข้า-ออก'!$L:$L,สรุป!F$5,'บันทึกของเข้า-ออก'!$I:$I,">="&สรุป!$F$2,'บันทึกของเข้า-ออก'!$I:$I,"<="&สรุป!$G$2)-SUMIFS('บันทึกของเข้า-ออก'!$E:$E,'บันทึกของเข้า-ออก'!$B:$B,สรุป!$C29,'บันทึกของเข้า-ออก'!$F:$F,สรุป!F$5,'บันทึกของเข้า-ออก'!$D:$D,">="&สรุป!$F$2,'บันทึกของเข้า-ออก'!$D:$D,"<="&สรุป!$G$2) -> 0 | G29: 3 | H29: =AA29+SUMIFS('บันทึกของเข้า-ออก'!$J:$J,'บันทึกของเข้า-ออก'!$B:$B,สรุป!$C29,'บันทึกของเข้า-ออก'!$L:$L,สรุป!H$5,'บันทึกของเข้า-ออก'!$I:$I,">="&สรุป!$F$2,'บันทึกของเข้า-ออก'!$I:$I,"<="&สรุป!$G$2)-SUMIFS('บันทึกของเข้า-ออก'!$E:$E,'บันทึกของเข้า-ออก'!$B:$B,สรุป!$C29,'บันทึกของเข้า-ออก'!$F:$F,สรุป!H$5,'บันทึกของเข้า-ออก'!$D:$D,">="&สรุป!$F$2,'บันทึกของเข้า-ออก'!$D:$D,"<="&สรุป!$G$2) -> 0 | I29: =AB29+SUMIFS('บันทึกของเข้า-ออก'!$J:$J,'บันทึกของเข้า-ออก'!$B:$B,สรุป!$C29,'บันทึกของเข้า-ออก'!$L:$L,สรุป!I$5,'บันทึกของเข้า-ออก'!$I:$I,">="&สรุป!$F$2,'บันทึกของเข้า-ออก'!$I:$I,"<="&สรุป!$G$2)-SUMIFS('บันทึกของเข้า-ออก'!$E:$E,'บันทึกของเข้า-ออก'!$B:$B,สรุป!$C29,'บันทึกของเข้า-ออก'!$F:$F,สรุป!I$5,'บันทึกของเข้า-ออก'!$D:$D,">="&สรุป!$F$2,'บันทึกของเข้า-ออก'!$D:$D,"<="&สรุป!$G$2) -> 0 | J29: 1 | K29: =AD29+SUMIFS('บันทึกของเข้า-ออก'!$J:$J,'บันทึกของเข้า-ออก'!$B:$B,สรุป!$C29,'บันทึกของเข้า-ออก'!$L:$L,สรุป!K$5,'บันทึกของเข้า-ออก'!$I:$I,">="&สรุป!$F$2,'บันทึกของเข้า-ออก'!$I:$I,"<="&สรุป!$G$2)-SUMIFS('บันทึกของเข้า-ออก'!$E:$E,'บันทึกของเข้า-ออก'!$B:$B,สรุป!$C29,'บันทึกของเข้า-ออก'!$F:$F,สรุป!K$5,'บันทึกของเข้า-ออก'!$D:$D,">="&สรุป!$F$2,'บันทึกของเข้า-ออก'!$D:$D,"<="&สรุป!$G$2) -> 0 | L29: =AE29+SUMIFS('บันทึกของเข้า-ออก'!$J:$J,'บันทึกของเข้า-ออก'!$B:$B,สรุป!$C29,'บันทึกของเข้า-ออก'!$L:$L,สรุป!L$5,'บันทึกของเข้า-ออก'!$I:$I,">="&สรุป!$F$2,'บันทึกของเข้า-ออก'!$I:$I,"<="&สรุป!$G$2)-SUMIFS('บันทึกของเข้า-ออก'!$E:$E,'บันทึกของเข้า-ออก'!$B:$B,สรุป!$C29,'บันทึกของเข้า-ออก'!$F:$F,สรุป!L$5,'บันทึกของเข้า-ออก'!$D:$D,">="&สรุป!$F$2,'บันทึกของเข้า-ออก'!$D:$D,"<="&สรุป!$G$2) -> 0 | M29: 1 | N29: =AG29+SUMIFS('บันทึกของเข้า-ออก'!$J:$J,'บันทึกของเข้า-ออก'!$B:$B,สรุป!$C29,'บันทึกของเข้า-ออก'!$L:$L,สรุป!N$5,'บันทึกของเข้า-ออก'!$I:$I,">="&สรุป!$F$2,'บันทึกของเข้า-ออก'!$I:$I,"<="&สรุป!$G$2)-SUMIFS('บันทึกของเข้า-ออก'!$E:$E,'บันทึกของเข้า-ออก'!$B:$B,สรุป!$C29,'บันทึกของเข้า-ออก'!$F:$F,สรุป!N$5,'บันทึกของเข้า-ออก'!$D:$D,">="&สรุป!$F$2,'บันทึกของเข้า-ออก'!$D:$D,"<="&สรุป!$G$2) -> 0 | O29: 2 | P29: =AI29+SUMIFS('บันทึกของเข้า-ออก'!$J:$J,'บันทึกของเข้า-ออก'!$B:$B,สรุป!$C29,'บันทึกของเข้า-ออก'!$L:$L,สรุป!P$5,'บันทึกของเข้า-ออก'!$I:$I,">="&สรุป!$F$2,'บันทึกของเข้า-ออก'!$I:$I,"<="&สรุป!$G$2)-SUMIFS('บันทึกของเข้า-ออก'!$E:$E,'บันทึกของเข้า-ออก'!$B:$B,สรุป!$C29,'บันทึกของเข้า-ออก'!$F:$F,สรุป!P$5,'บันทึกของเข้า-ออก'!$D:$D,">="&สรุป!$F$2,'บันทึกของเข้า-ออก'!$D:$D,"<="&สรุป!$G$2) -> 0 | Q29: =AJ29+SUMIFS('บันทึกของเข้า-ออก'!$J:$J,'บันทึกของเข้า-ออก'!$B:$B,สรุป!$C29,'บันทึกของเข้า-ออก'!$L:$L,สรุป!Q$5,'บันทึกของเข้า-ออก'!$I:$I,">="&สรุป!$F$2,'บันทึกของเข้า-ออก'!$I:$I,"<="&สรุป!$G$2)-SUMIFS('บันทึกของเข้า-ออก'!$E:$E,'บันทึกของเข้า-ออก'!$B:$B,สรุป!$C29,'บันทึกของเข้า-ออก'!$F:$F,สรุป!Q$5,'บันทึกของเข้า-ออก'!$D:$D,">="&สรุป!$F$2,'บันทึกของเข้า-ออก'!$D:$D,"<="&สรุป!$G$2) -> 0 | R29: =AK29+SUMIFS('บันทึกของเข้า-ออก'!$J:$J,'บันทึกของเข้า-ออก'!$B:$B,สรุป!$C29,'บันทึกของเข้า-ออก'!$L:$L,สรุป!R$5,'บันทึกของเข้า-ออก'!$I:$I,">="&สรุป!$F$2,'บันทึกของเข้า-ออก'!$I:$I,"<="&สรุป!$G$2)-SUMIFS('บันทึกของเข้า-ออก'!$E:$E,'บันทึกของเข้า-ออก'!$B:$B,สรุป!$C29,'บันทึกของเข้า-ออก'!$F:$F,สรุป!R$5,'บันทึกของเข้า-ออก'!$D:$D,">="&สรุป!$F$2,'บันทึกของเข้า-ออก'!$D:$D,"<="&สรุป!$G$2) -> 0 | V29: =C29 -> ขาตั้งกล้อง | W29: 5 | X29: อัน | Y29: 0 | Z29: 0 | AA29: 0 | AB29: 0 | AC29: 0 | AD29: 0 | AE29: 0 | AF29: 0 | AG29: 0 | AH29: 0 | AI29: 0 | AJ29: 0 | AK29: 0
B30: Survey | C30: ปริซึม เล็ก +ขาตั้ง | D30: 2 | E30: ชุด | F30: =Y30+SUMIFS('บันทึกของเข้า-ออก'!$J:$J,'บันทึกของเข้า-ออก'!$B:$B,สรุป!$C30,'บันทึกของเข้า-ออก'!$L:$L,สรุป!F$5,'บันทึกของเข้า-ออก'!$I:$I,">="&สรุป!$F$2,'บันทึกของเข้า-ออก'!$I:$I,"<="&สรุป!$G$2)-SUMIFS('บันทึกของเข้า-ออก'!$E:$E,'บันทึกของเข้า-ออก'!$B:$B,สรุป!$C30,'บันทึกของเข้า-ออก'!$F:$F,สรุป!F$5,'บันทึกของเข้า-ออก'!$D:$D,">="&สรุป!$F$2,'บันทึกของเข้า-ออก'!$D:$D,"<="&สรุป!$G$2) -> 0 | G30: 1 | H30: =AA30+SUMIFS('บันทึกของเข้า-ออก'!$J:$J,'บันทึกของเข้า-ออก'!$B:$B,สรุป!$C30,'บันทึกของเข้า-ออก'!$L:$L,สรุป!H$5,'บันทึกของเข้า-ออก'!$I:$I,">="&สรุป!$F$2,'บันทึกของเข้า-ออก'!$I:$I,"<="&สรุป!$G$2)-SUMIFS('บันทึกของเข้า-ออก'!$E:$E,'บันทึกของเข้า-ออก'!$B:$B,สรุป!$C30,'บันทึกของเข้า-ออก'!$F:$F,สรุป!H$5,'บันทึกของเข้า-ออก'!$D:$D,">="&สรุป!$F$2,'บันทึกของเข้า-ออก'!$D:$D,"<="&สรุป!$G$2) -> 0 | I30: =AB30+SUMIFS('บันทึกของเข้า-ออก'!$J:$J,'บันทึกของเข้า-ออก'!$B:$B,สรุป!$C30,'บันทึกของเข้า-ออก'!$L:$L,สรุป!I$5,'บันทึกของเข้า-ออก'!$I:$I,">="&สรุป!$F$2,'บันทึกของเข้า-ออก'!$I:$I,"<="&สรุป!$G$2)-SUMIFS('บันทึกของเข้า-ออก'!$E:$E,'บันทึกของเข้า-ออก'!$B:$B,สรุป!$C30,'บันทึกของเข้า-ออก'!$F:$F,สรุป!I$5,'บันทึกของเข้า-ออก'!$D:$D,">="&สรุป!$F$2,'บันทึกของเข้า-ออก'!$D:$D,"<="&สรุป!$G$2) -> 0 | J30: =AC30+SUMIFS('บันทึกของเข้า-ออก'!$J:$J,'บันทึกของเข้า-ออก'!$B:$B,สรุป!$C30,'บันทึกของเข้า-ออก'!$L:$L,สรุป!J$5,'บันทึกของเข้า-ออก'!$I:$I,">="&สรุป!$F$2,'บันทึกของเข้า-ออก'!$I:$I,"<="&สรุป!$G$2)-SUMIFS('บันทึกของเข้า-ออก'!$E:$E,'บันทึกของเข้า-ออก'!$B:$B,สรุป!$C30,'บันทึกของเข้า-ออก'!$F:$F,สรุป!J$5,'บันทึกของเข้า-ออก'!$D:$D,">="&สรุป!$F$2,'บันทึกของเข้า-ออก'!$D:$D,"<="&สรุป!$G$2) -> 0 | K30: =AD30+SUMIFS('บันทึกของเข้า-ออก'!$J:$J,'บันทึกของเข้า-ออก'!$B:$B,สรุป!$C30,'บันทึกของเข้า-ออก'!$L:$L,สรุป!K$5,'บันทึกของเข้า-ออก'!$I:$I,">="&สรุป!$F$2,'บันทึกของเข้า-ออก'!$I:$I,"<="&สรุป!$G$2)-SUMIFS('บันทึกของเข้า-ออก'!$E:$E,'บันทึกของเข้า-ออก'!$B:$B,สรุป!$C30,'บันทึกของเข้า-ออก'!$F:$F,สรุป!K$5,'บันทึกของเข้า-ออก'!$D:$D,">="&สรุป!$F$2,'บันทึกของเข้า-ออก'!$D:$D,"<="&สรุป!$G$2) -> 0 | L30: =AE30+SUMIFS('บันทึกของเข้า-ออก'!$J:$J,'บันทึกของเข้า-ออก'!$B:$B,สรุป!$C30,'บันทึกของเข้า-ออก'!$L:$L,สรุป!L$5,'บันทึกของเข้า-ออก'!$I:$I,">="&สรุป!$F$2,'บันทึกของเข้า-ออก'!$I:$I,"<="&สรุป!$G$2)-SUMIFS('บันทึกของเข้า-ออก'!$E:$E,'บันทึกของเข้า-ออก'!$B:$B,สรุป!$C30,'บันทึกของเข้า-ออก'!$F:$F,สรุป!L$5,'บันทึกของเข้า-ออก'!$D:$D,">="&สรุป!$F$2,'บันทึกของเข้า-ออก'!$D:$D,"<="&สรุป!$G$2) -> 0 | M30: =AF30+SUMIFS('บันทึกของเข้า-ออก'!$J:$J,'บันทึกของเข้า-ออก'!$B:$B,สรุป!$C30,'บันทึกของเข้า-ออก'!$L:$L,สรุป!M$5,'บันทึกของเข้า-ออก'!$I:$I,">="&สรุป!$F$2,'บันทึกของเข้า-ออก'!$I:$I,"<="&สรุป!$G$2)-SUMIFS('บันทึกของเข้า-ออก'!$E:$E,'บันทึกของเข้า-ออก'!$B:$B,สรุป!$C30,'บันทึกของเข้า-ออก'!$F:$F,สรุป!M$5,'บันทึกของเข้า-ออก'!$D:$D,">="&สรุป!$F$2,'บันทึกของเข้า-ออก'!$D:$D,"<="&สรุป!$G$2) -> 0 | N30: =AG30+SUMIFS('บันทึกของเข้า-ออก'!$J:$J,'บันทึกของเข้า-ออก'!$B:$B,สรุป!$C30,'บันทึกของเข้า-ออก'!$L:$L,สรุป!N$5,'บันทึกของเข้า-ออก'!$I:$I,">="&สรุป!$F$2,'บันทึกของเข้า-ออก'!$I:$I,"<="&สรุป!$G$2)-SUMIFS('บันทึกของเข้า-ออก'!$E:$E,'บันทึกของเข้า-ออก'!$B:$B,สรุป!$C30,'บันทึกของเข้า-ออก'!$F:$F,สรุป!N$5,'บันทึกของเข้า-ออก'!$D:$D,">="&สรุป!$F$2,'บันทึกของเข้า-ออก'!$D:$D,"<="&สรุป!$G$2) -> 0 | O30: 1 | P30: =AI30+SUMIFS('บันทึกของเข้า-ออก'!$J:$J,'บันทึกของเข้า-ออก'!$B:$B,สรุป!$C30,'บันทึกของเข้า-ออก'!$L:$L,สรุป!P$5,'บันทึกของเข้า-ออก'!$I:$I,">="&สรุป!$F$2,'บันทึกของเข้า-ออก'!$I:$I,"<="&สรุป!$G$2)-SUMIFS('บันทึกของเข้า-ออก'!$E:$E,'บันทึกของเข้า-ออก'!$B:$B,สรุป!$C30,'บันทึกของเข้า-ออก'!$F:$F,สรุป!P$5,'บันทึกของเข้า-ออก'!$D:$D,">="&สรุป!$F$2,'บันทึกของเข้า-ออก'!$D:$D,"<="&สรุป!$G$2) -> 0 | Q30: =AJ30+SUMIFS('บันทึกของเข้า-ออก'!$J:$J,'บันทึกของเข้า-ออก'!$B:$B,สรุป!$C30,'บันทึกของเข้า-ออก'!$L:$L,สรุป!Q$5,'บันทึกของเข้า-ออก'!$I:$I,">="&สรุป!$F$2,'บันทึกของเข้า-ออก'!$I:$I,"<="&สรุป!$G$2)-SUMIFS('บันทึกของเข้า-ออก'!$E:$E,'บันทึกของเข้า-ออก'!$B:$B,สรุป!$C30,'บันทึกของเข้า-ออก'!$F:$F,สรุป!Q$5,'บันทึกของเข้า-ออก'!$D:$D,">="&สรุป!$F$2,'บันทึกของเข้า-ออก'!$D:$D,"<="&สรุป!$G$2) -> 0 | R30: =AK30+SUMIFS('บันทึกของเข้า-ออก'!$J:$J,'บันทึกของเข้า-ออก'!$B:$B,สรุป!$C30,'บันทึกของเข้า-ออก'!$L:$L,สรุป!R$5,'บันทึกของเข้า-ออก'!$I:$I,">="&สรุป!$F$2,'บันทึกของเข้า-ออก'!$I:$I,"<="&สรุป!$G$2)-SUMIFS('บันทึกของเข้า-ออก'!$E:$E,'บันทึกของเข้า-ออก'!$B:$B,สรุป!$C30,'บันทึกของเข้า-ออก'!$F:$F,สรุป!R$5,'บันทึกของเข้า-ออก'!$D:$D,">="&สรุป!$F$2,'บันทึกของเข้า-ออก'!$D:$D,"<="&สรุป!$G$2) -> 0 | V30: =C30 -> ปริซึม เล็ก +ขาตั้ง | W30: 1 | X30: ชุด | Y30: 0 | Z30: 1 | AA30: 0 | AB30: 0 | AC30: 0 | AD30: 0 | AE30: 0 | AF30: 0 | AG30: 0 | AH30: 1 | AI30: 0 | AJ30: 0 | AK30: 0
B31: Survey | C31: ปริซึม ใหญ่ + ขาตั้ง | D31: =SUMIF(F31:T31,">0") -> 1 | E31: ชุด | F31: =Y31+SUMIFS('บันทึกของเข้า-ออก'!$J:$J,'บันทึกของเข้า-ออก'!$B:$B,สรุป!$C31,'บันทึกของเข้า-ออก'!$L:$L,สรุป!F$5,'บันทึกของเข้า-ออก'!$I:$I,">="&สรุป!$F$2,'บันทึกของเข้า-ออก'!$I:$I,"<="&สรุป!$G$2)-SUMIFS('บันทึกของเข้า-ออก'!$E:$E,'บันทึกของเข้า-ออก'!$B:$B,สรุป!$C31,'บันทึกของเข้า-ออก'!$F:$F,สรุป!F$5,'บันทึกของเข้า-ออก'!$D:$D,">="&สรุป!$F$2,'บันทึกของเข้า-ออก'!$D:$D,"<="&สรุป!$G$2) -> 0 | G31: 1 | H31: =AA31+SUMIFS('บันทึกของเข้า-ออก'!$J:$J,'บันทึกของเข้า-ออก'!$B:$B,สรุป!$C31,'บันทึกของเข้า-ออก'!$L:$L,สรุป!H$5,'บันทึกของเข้า-ออก'!$I:$I,">="&สรุป!$F$2,'บันทึกของเข้า-ออก'!$I:$I,"<="&สรุป!$G$2)-SUMIFS('บันทึกของเข้า-ออก'!$E:$E,'บันทึกของเข้า-ออก'!$B:$B,สรุป!$C31,'บันทึกของเข้า-ออก'!$F:$F,สรุป!H$5,'บันทึกของเข้า-ออก'!$D:$D,">="&สรุป!$F$2,'บันทึกของเข้า-ออก'!$D:$D,"<="&สรุป!$G$2) -> 0 | I31: =AB31+SUMIFS('บันทึกของเข้า-ออก'!$J:$J,'บันทึกของเข้า-ออก'!$B:$B,สรุป!$C31,'บันทึกของเข้า-ออก'!$L:$L,สรุป!I$5,'บันทึกของเข้า-ออก'!$I:$I,">="&สรุป!$F$2,'บันทึกของเข้า-ออก'!$I:$I,"<="&สรุป!$G$2)-SUMIFS('บันทึกของเข้า-ออก'!$E:$E,'บันทึกของเข้า-ออก'!$B:$B,สรุป!$C31,'บันทึกของเข้า-ออก'!$F:$F,สรุป!I$5,'บันทึกของเข้า-ออก'!$D:$D,">="&สรุป!$F$2,'บันทึกของเข้า-ออก'!$D:$D,"<="&สรุป!$G$2) -> 0 | J31: =AC31+SUMIFS('บันทึกของเข้า-ออก'!$J:$J,'บันทึกของเข้า-ออก'!$B:$B,สรุป!$C31,'บันทึกของเข้า-ออก'!$L:$L,สรุป!J$5,'บันทึกของเข้า-ออก'!$I:$I,">="&สรุป!$F$2,'บันทึกของเข้า-ออก'!$I:$I,"<="&สรุป!$G$2)-SUMIFS('บันทึกของเข้า-ออก'!$E:$E,'บันทึกของเข้า-ออก'!$B:$B,สรุป!$C31,'บันทึกของเข้า-ออก'!$F:$F,สรุป!J$5,'บันทึกของเข้า-ออก'!$D:$D,">="&สรุป!$F$2,'บันทึกของเข้า-ออก'!$D:$D,"<="&สรุป!$G$2) -> 0 | K31: =AD31+SUMIFS('บันทึกของเข้า-ออก'!$J:$J,'บันทึกของเข้า-ออก'!$B:$B,สรุป!$C31,'บันทึกของเข้า-ออก'!$L:$L,สรุป!K$5,'บันทึกของเข้า-ออก'!$I:$I,">="&สรุป!$F$2,'บันทึกของเข้า-ออก'!$I:$I,"<="&สรุป!$G$2)-SUMIFS('บันทึกของเข้า-ออก'!$E:$E,'บันทึกของเข้า-ออก'!$B:$B,สรุป!$C31,'บันทึกของเข้า-ออก'!$F:$F,สรุป!K$5,'บันทึกของเข้า-ออก'!$D:$D,">="&สรุป!$F$2,'บันทึกของเข้า-ออก'!$D:$D,"<="&สรุป!$G$2) -> 0 | L31: =AE31+SUMIFS('บันทึกของเข้า-ออก'!$J:$J,'บันทึกของเข้า-ออก'!$B:$B,สรุป!$C31,'บันทึกของเข้า-ออก'!$L:$L,สรุป!L$5,'บันทึกของเข้า-ออก'!$I:$I,">="&สรุป!$F$2,'บันทึกของเข้า-ออก'!$I:$I,"<="&สรุป!$G$2)-SUMIFS('บันทึกของเข้า-ออก'!$E:$E,'บันทึกของเข้า-ออก'!$B:$B,สรุป!$C31,'บันทึกของเข้า-ออก'!$F:$F,สรุป!L$5,'บันทึกของเข้า-ออก'!$D:$D,">="&สรุป!$F$2,'บันทึกของเข้า-ออก'!$D:$D,"<="&สรุป!$G$2) -> 0 | M31: =AF31+SUMIFS('บันทึกของเข้า-ออก'!$J:$J,'บันทึกของเข้า-ออก'!$B:$B,สรุป!$C31,'บันทึกของเข้า-ออก'!$L:$L,สรุป!M$5,'บันทึกของเข้า-ออก'!$I:$I,">="&สรุป!$F$2,'บันทึกของเข้า-ออก'!$I:$I,"<="&สรุป!$G$2)-SUMIFS('บันทึกของเข้า-ออก'!$E:$E,'บันทึกของเข้า-ออก'!$B:$B,สรุป!$C31,'บันทึกของเข้า-ออก'!$F:$F,สรุป!M$5,'บันทึกของเข้า-ออก'!$D:$D,">="&สรุป!$F$2,'บันทึกของเข้า-ออก'!$D:$D,"<="&สรุป!$G$2) -> 0 | N31: =AG31+SUMIFS('บันทึกของเข้า-ออก'!$J:$J,'บันทึกของเข้า-ออก'!$B:$B,สรุป!$C31,'บันทึกของเข้า-ออก'!$L:$L,สรุป!N$5,'บันทึกของเข้า-ออก'!$I:$I,">="&สรุป!$F$2,'บันทึกของเข้า-ออก'!$I:$I,"<="&สรุป!$G$2)-SUMIFS('บันทึกของเข้า-ออก'!$E:$E,'บันทึกของเข้า-ออก'!$B:$B,สรุป!$C31,'บันทึกของเข้า-ออก'!$F:$F,สรุป!N$5,'บันทึกของเข้า-ออก'!$D:$D,">="&สรุป!$F$2,'บันทึกของเข้า-ออก'!$D:$D,"<="&สรุป!$G$2) -> 0 | O31: =AH31+SUMIFS('บันทึกของเข้า-ออก'!$J:$J,'บันทึกของเข้า-ออก'!$B:$B,สรุป!$C31,'บันทึกของเข้า-ออก'!$L:$L,สรุป!O$5,'บันทึกของเข้า-ออก'!$I:$I,">="&สรุป!$F$2,'บันทึกของเข้า-ออก'!$I:$I,"<="&สรุป!$G$2)-SUMIFS('บันทึกของเข้า-ออก'!$E:$E,'บันทึกของเข้า-ออก'!$B:$B,สรุป!$C31,'บันทึกของเข้า-ออก'!$F:$F,สรุป!O$5,'บันทึกของเข้า-ออก'!$D:$D,">="&สรุป!$F$2,'บันทึกของเข้า-ออก'!$D:$D,"<="&สรุป!$G$2) -> 0 | ... R31: =AK31+SUMIFS('บันทึกของเข้า-ออก'!$J:$J,'บันทึกของเข้า-ออก'!$B:$B,สรุป!$C31,'บันทึกของเข้า-ออก'!$L:$L,สรุป!R$5,'บันทึกของเข้า-ออก'!$I:$I,">="&สรุป!$F$2,'บันทึกของเข้า-ออก'!$I:$I,"<="&สรุป!$G$2)-SUMIFS('บันทึกของเข้า-ออก'!$E:$E,'บันทึกของเข้า-ออก'!$B:$B,สรุป!$C31,'บันทึกของเข้า-ออก'!$F:$F,สรุป!R$5,'บันทึกของเข้า-ออก'!$D:$D,">="&สรุป!$F$2,'บันทึกของเข้า-ออก'!$D:$D,"<="&สรุป!$G$2) -> 0 | V31: =C31 -> ปริซึม ใหญ่ + ขาตั้ง | W31: 1 | X31: ชุด | Y31: 0 | Z31: 1 | AA31: 0 | AB31: 0 | AC31: 0 | AD31: 0 | AE31: 0 | AF31: 0 | AG31: 0 | AH31: 0 | AI31: 0 | AJ31: 0 | AK31: 0
B32: Survey | C32: วิทยุสื่อสาร | D32: =SUMIF(F32:T32,">0") -> 13 | E32: ตัว | F32: =Y32+SUMIFS('บันทึกของเข้า-ออก'!$J:$J,'บันทึกของเข้า-ออก'!$B:$B,สรุป!$C32,'บันทึกของเข้า-ออก'!$L:$L,สรุป!F$5,'บันทึกของเข้า-ออก'!$I:$I,">="&สรุป!$F$2,'บันทึกของเข้า-ออก'!$I:$I,"<="&สรุป!$G$2)-SUMIFS('บันทึกของเข้า-ออก'!$E:$E,'บันทึกของเข้า-ออก'!$B:$B,สรุป!$C32,'บันทึกของเข้า-ออก'!$F:$F,สรุป!F$5,'บันทึกของเข้า-ออก'!$D:$D,">="&สรุป!$F$2,'บันทึกของเข้า-ออก'!$D:$D,"<="&สรุป!$G$2) -> 0 | G32: 6 | H32: =AA32+SUMIFS('บันทึกของเข้า-ออก'!$J:$J,'บันทึกของเข้า-ออก'!$B:$B,สรุป!$C32,'บันทึกของเข้า-ออก'!$L:$L,สรุป!H$5,'บันทึกของเข้า-ออก'!$I:$I,">="&สรุป!$F$2,'บันทึกของเข้า-ออก'!$I:$I,"<="&สรุป!$G$2)-SUMIFS('บันทึกของเข้า-ออก'!$E:$E,'บันทึกของเข้า-ออก'!$B:$B,สรุป!$C32,'บันทึกของเข้า-ออก'!$F:$F,สรุป!H$5,'บันทึกของเข้า-ออก'!$D:$D,">="&สรุป!$F$2,'บันทึกของเข้า-ออก'!$D:$D,"<="&สรุป!$G$2) -> 0 | I32: =AB32+SUMIFS('บันทึกของเข้า-ออก'!$J:$J,'บันทึกของเข้า-ออก'!$B:$B,สรุป!$C32,'บันทึกของเข้า-ออก'!$L:$L,สรุป!I$5,'บันทึกของเข้า-ออก'!$I:$I,">="&สรุป!$F$2,'บันทึกของเข้า-ออก'!$I:$I,"<="&สรุป!$G$2)-SUMIFS('บันทึกของเข้า-ออก'!$E:$E,'บันทึกของเข้า-ออก'!$B:$B,สรุป!$C32,'บันทึกของเข้า-ออก'!$F:$F,สรุป!I$5,'บันทึกของเข้า-ออก'!$D:$D,">="&สรุป!$F$2,'บันทึกของเข้า-ออก'!$D:$D,"<="&สรุป!$G$2) -> 0 | J32: =AC32+SUMIFS('บันทึกของเข้า-ออก'!$J:$J,'บันทึกของเข้า-ออก'!$B:$B,สรุป!$C32,'บันทึกของเข้า-ออก'!$L:$L,สรุป!J$5,'บันทึกของเข้า-ออก'!$I:$I,">="&สรุป!$F$2,'บันทึกของเข้า-ออก'!$I:$I,"<="&สรุป!$G$2)-SUMIFS('บันทึกของเข้า-ออก'!$E:$E,'บันทึกของเข้า-ออก'!$B:$B,สรุป!$C32,'บันทึกของเข้า-ออก'!$F:$F,สรุป!J$5,'บันทึกของเข้า-ออก'!$D:$D,">="&สรุป!$F$2,'บันทึกของเข้า-ออก'!$D:$D,"<="&สรุป!$G$2) -> 0 | K32: =AD32+SUMIFS('บันทึกของเข้า-ออก'!$J:$J,'บันทึกของเข้า-ออก'!$B:$B,สรุป!$C32,'บันทึกของเข้า-ออก'!$L:$L,สรุป!K$5,'บันทึกของเข้า-ออก'!$I:$I,">="&สรุป!$F$2,'บันทึกของเข้า-ออก'!$I:$I,"<="&สรุป!$G$2)-SUMIFS('บันทึกของเข้า-ออก'!$E:$E,'บันทึกของเข้า-ออก'!$B:$B,สรุป!$C32,'บันทึกของเข้า-ออก'!$F:$F,สรุป!K$5,'บันทึกของเข้า-ออก'!$D:$D,">="&สรุป!$F$2,'บันทึกของเข้า-ออก'!$D:$D,"<="&สรุป!$G$2) -> 0 | L32: =AE32+SUMIFS('บันทึกของเข้า-ออก'!$J:$J,'บันทึกของเข้า-ออก'!$B:$B,สรุป!$C32,'บันทึกของเข้า-ออก'!$L:$L,สรุป!L$5,'บันทึกของเข้า-ออก'!$I:$I,">="&สรุป!$F$2,'บันทึกของเข้า-ออก'!$I:$I,"<="&สรุป!$G$2)-SUMIFS('บันทึกของเข้า-ออก'!$E:$E,'บันทึกของเข้า-ออก'!$B:$B,สรุป!$C32,'บันทึกของเข้า-ออก'!$F:$F,สรุป!L$5,'บันทึกของเข้า-ออก'!$D:$D,">="&สรุป!$F$2,'บันทึกของเข้า-ออก'!$D:$D,"<="&สรุป!$G$2) -> 0 | M32: =AF32+SUMIFS('บันทึกของเข้า-ออก'!$J:$J,'บันทึกของเข้า-ออก'!$B:$B,สรุป!$C32,'บันทึกของเข้า-ออก'!$L:$L,สรุป!M$5,'บันทึกของเข้า-ออก'!$I:$I,">="&สรุป!$F$2,'บันทึกของเข้า-ออก'!$I:$I,"<="&สรุป!$G$2)-SUMIFS('บันทึกของเข้า-ออก'!$E:$E,'บันทึกของเข้า-ออก'!$B:$B,สรุป!$C32,'บันทึกของเข้า-ออก'!$F:$F,สรุป!M$5,'บันทึกของเข้า-ออก'!$D:$D,">="&สรุป!$F$2,'บันทึกของเข้า-ออก'!$D:$D,"<="&สรุป!$G$2) -> 0 | N32: =AG32+SUMIFS('บันทึกของเข้า-ออก'!$J:$J,'บันทึกของเข้า-ออก'!$B:$B,สรุป!$C32,'บันทึกของเข้า-ออก'!$L:$L,สรุป!N$5,'บันทึกของเข้า-ออก'!$I:$I,">="&สรุป!$F$2,'บันทึกของเข้า-ออก'!$I:$I,"<="&สรุป!$G$2)-SUMIFS('บันทึกของเข้า-ออก'!$E:$E,'บันทึกของเข้า-ออก'!$B:$B,สรุป!$C32,'บันทึกของเข้า-ออก'!$F:$F,สรุป!N$5,'บันทึกของเข้า-ออก'!$D:$D,">="&สรุป!$F$2,'บันทึกของเข้า-ออก'!$D:$D,"<="&สรุป!$G$2) -> 0 | O32: 7 | P32: =AI32+SUMIFS('บันทึกของเข้า-ออก'!$J:$J,'บันทึกของเข้า-ออก'!$B:$B,สรุป!$C32,'บันทึกของเข้า-ออก'!$L:$L,สรุป!P$5,'บันทึกของเข้า-ออก'!$I:$I,">="&สรุป!$F$2,'บันทึกของเข้า-ออก'!$I:$I,"<="&สรุป!$G$2)-SUMIFS('บันทึกของเข้า-ออก'!$E:$E,'บันทึกของเข้า-ออก'!$B:$B,สรุป!$C32,'บันทึกของเข้า-ออก'!$F:$F,สรุป!P$5,'บันทึกของเข้า-ออก'!$D:$D,">="&สรุป!$F$2,'บันทึกของเข้า-ออก'!$D:$D,"<="&สรุป!$G$2) -> 0 | Q32: =AJ32+SUMIFS('บันทึกของเข้า-ออก'!$J:$J,'บันทึกของเข้า-ออก'!$B:$B,สรุป!$C32,'บันทึกของเข้า-ออก'!$L:$L,สรุป!Q$5,'บันทึกของเข้า-ออก'!$I:$I,">="&สรุป!$F$2,'บันทึกของเข้า-ออก'!$I:$I,"<="&สรุป!$G$2)-SUMIFS('บันทึกของเข้า-ออก'!$E:$E,'บันทึกของเข้า-ออก'!$B:$B,สรุป!$C32,'บันทึกของเข้า-ออก'!$F:$F,สรุป!Q$5,'บันทึกของเข้า-ออก'!$D:$D,">="&สรุป!$F$2,'บันทึกของเข้า-ออก'!$D:$D,"<="&สรุป!$G$2) -> 0 | R32: =AK32+SUMIFS('บันทึกของเข้า-ออก'!$J:$J,'บันทึกของเข้า-ออก'!$B:$B,สรุป!$C32,'บันทึกของเข้า-ออก'!$L:$L,สรุป!R$5,'บันทึกของเข้า-ออก'!$I:$I,">="&สรุป!$F$2,'บันทึกของเข้า-ออก'!$I:$I,"<="&สรุป!$G$2)-SUMIFS('บันทึกของเข้า-ออก'!$E:$E,'บันทึกของเข้า-ออก'!$B:$B,สรุป!$C32,'บันทึกของเข้า-ออก'!$F:$F,สรุป!R$5,'บันทึกของเข้า-ออก'!$D:$D,">="&สรุป!$F$2,'บันทึกของเข้า-ออก'!$D:$D,"<="&สรุป!$G$2) -> 0 | S32: รอซ่อม | V32: =C32 -> วิทยุสื่อสาร | W32: 20 | X32: ตัว | Y32: 0 | Z32: 6 | AA32: 0 | AB32: 0 | AC32: 0 | AD32: 0 | AE32: 0 | AF32: 0 | AG32: 0 | AH32: 7 | AI32: 0 | AJ32: 0 | AK32: 0
B33: เหล็กรูปพรรณ | C33: เหล็กเส้นข้ออ้อย*6 มม ยาว 10 ม | D33: =SUMIF(F33:T33,">0") -> 0 | E33: เส้น | F33: =Y33+SUMIFS('บันทึกของเข้า-ออก'!$J:$J,'บันทึกของเข้า-ออก'!$B:$B,สรุป!$C33,'บันทึกของเข้า-ออก'!$L:$L,สรุป!F$5,'บันทึกของเข้า-ออก'!$I:$I,">="&สรุป!$F$2,'บันทึกของเข้า-ออก'!$I:$I,"<="&สรุป!$G$2)-SUMIFS('บันทึกของเข้า-ออก'!$E:$E,'บันทึกของเข้า-ออก'!$B:$B,สรุป!$C33,'บันทึกของเข้า-ออก'!$F:$F,สรุป!F$5,'บันทึกของเข้า-ออก'!$D:$D,">="&สรุป!$F$2,'บันทึกของเข้า-ออก'!$D:$D,"<="&สรุป!$G$2) -> 0 | G33: =Z33+SUMIFS('บันทึกของเข้า-ออก'!$J:$J,'บันทึกของเข้า-ออก'!$B:$B,สรุป!$C33,'บันทึกของเข้า-ออก'!$L:$L,สรุป!G$5,'บันทึกของเข้า-ออก'!$I:$I,">="&สรุป!$F$2,'บันทึกของเข้า-ออก'!$I:$I,"<="&สรุป!$G$2)-SUMIFS('บันทึกของเข้า-ออก'!$E:$E,'บันทึกของเข้า-ออก'!$B:$B,สรุป!$C33,'บันทึกของเข้า-ออก'!$F:$F,สรุป!G$5,'บันทึกของเข้า-ออก'!$D:$D,">="&สรุป!$F$2,'บันทึกของเข้า-ออก'!$D:$D,"<="&สรุป!$G$2) -> 0 | H33: =AA33+SUMIFS('บันทึกของเข้า-ออก'!$J:$J,'บันทึกของเข้า-ออก'!$B:$B,สรุป!$C33,'บันทึกของเข้า-ออก'!$L:$L,สรุป!H$5,'บันทึกของเข้า-ออก'!$I:$I,">="&สรุป!$F$2,'บันทึกของเข้า-ออก'!$I:$I,"<="&สรุป!$G$2)-SUMIFS('บันทึกของเข้า-ออก'!$E:$E,'บันทึกของเข้า-ออก'!$B:$B,สรุป!$C33,'บันทึกของเข้า-ออก'!$F:$F,สรุป!H$5,'บันทึกของเข้า-ออก'!$D:$D,">="&สรุป!$F$2,'บันทึกของเข้า-ออก'!$D:$D,"<="&สรุป!$G$2) -> 0 | I33: =AB33+SUMIFS('บันทึกของเข้า-ออก'!$J:$J,'บันทึกของเข้า-ออก'!$B:$B,สรุป!$C33,'บันทึกของเข้า-ออก'!$L:$L,สรุป!I$5,'บันทึกของเข้า-ออก'!$I:$I,">="&สรุป!$F$2,'บันทึกของเข้า-ออก'!$I:$I,"<="&สรุป!$G$2)-SUMIFS('บันทึกของเข้า-ออก'!$E:$E,'บันทึกของเข้า-ออก'!$B:$B,สรุป!$C33,'บันทึกของเข้า-ออก'!$F:$F,สรุป!I$5,'บันทึกของเข้า-ออก'!$D:$D,">="&สรุป!$F$2,'บันทึกของเข้า-ออก'!$D:$D,"<="&สรุป!$G$2) -> 0 | J33: =AC33+SUMIFS('บันทึกของเข้า-ออก'!$J:$J,'บันทึกของเข้า-ออก'!$B:$B,สรุป!$C33,'บันทึกของเข้า-ออก'!$L:$L,สรุป!J$5,'บันทึกของเข้า-ออก'!$I:$I,">="&สรุป!$F$2,'บันทึกของเข้า-ออก'!$I:$I,"<="&สรุป!$G$2)-SUMIFS('บันทึกของเข้า-ออก'!$E:$E,'บันทึกของเข้า-ออก'!$B:$B,สรุป!$C33,'บันทึกของเข้า-ออก'!$F:$F,สรุป!J$5,'บันทึกของเข้า-ออก'!$D:$D,">="&สรุป!$F$2,'บันทึกของเข้า-ออก'!$D:$D,"<="&สรุป!$G$2) -> 0 | K33: =AD33+SUMIFS('บันทึกของเข้า-ออก'!$J:$J,'บันทึกของเข้า-ออก'!$B:$B,สรุป!$C33,'บันทึกของเข้า-ออก'!$L:$L,สรุป!K$5,'บันทึกของเข้า-ออก'!$I:$I,">="&สรุป!$F$2,'บันทึกของเข้า-ออก'!$I:$I,"<="&สรุป!$G$2)-SUMIFS('บันทึกของเข้า-ออก'!$E:$E,'บันทึกของเข้า-ออก'!$B:$B,สรุป!$C33,'บันทึกของเข้า-ออก'!$F:$F,สรุป!K$5,'บันทึกของเข้า-ออก'!$D:$D,">="&สรุป!$F$2,'บันทึกของเข้า-ออก'!$D:$D,"<="&สรุป!$G$2) -> 0 | L33: =AE33+SUMIFS('บันทึกของเข้า-ออก'!$J:$J,'บันทึกของเข้า-ออก'!$B:$B,สรุป!$C33,'บันทึกของเข้า-ออก'!$L:$L,สรุป!L$5,'บันทึกของเข้า-ออก'!$I:$I,">="&สรุป!$F$2,'บันทึกของเข้า-ออก'!$I:$I,"<="&สรุป!$G$2)-SUMIFS('บันทึกของเข้า-ออก'!$E:$E,'บันทึกของเข้า-ออก'!$B:$B,สรุป!$C33,'บันทึกของเข้า-ออก'!$F:$F,สรุป!L$5,'บันทึกของเข้า-ออก'!$D:$D,">="&สรุป!$F$2,'บันทึกของเข้า-ออก'!$D:$D,"<="&สรุป!$G$2) -> 0 | M33: =AF33+SUMIFS('บันทึกของเข้า-ออก'!$J:$J,'บันทึกของเข้า-ออก'!$B:$B,สรุป!$C33,'บันทึกของเข้า-ออก'!$L:$L,สรุป!M$5,'บันทึกของเข้า-ออก'!$I:$I,">="&สรุป!$F$2,'บันทึกของเข้า-ออก'!$I:$I,"<="&สรุป!$G$2)-SUMIFS('บันทึกของเข้า-ออก'!$E:$E,'บันทึกของเข้า-ออก'!$B:$B,สรุป!$C33,'บันทึกของเข้า-ออก'!$F:$F,สรุป!M$5,'บันทึกของเข้า-ออก'!$D:$D,">="&สรุป!$F$2,'บันทึกของเข้า-ออก'!$D:$D,"<="&สรุป!$G$2) -> 0 | ... R33: =AK33+SUMIFS('บันทึกของเข้า-ออก'!$J:$J,'บันทึกของเข้า-ออก'!$B:$B,สรุป!$C33,'บันทึกของเข้า-ออก'!$L:$L,สรุป!R$5,'บันทึกของเข้า-ออก'!$I:$I,">="&สรุป!$F$2,'บันทึกของเข้า-ออก'!$I:$I,"<="&สรุป!$G$2)-SUMIFS('บันทึกของเข้า-ออก'!$E:$E,'บันทึกของเข้า-ออก'!$B:$B,สรุป!$C33,'บันทึกของเข้า-ออก'!$F:$F,สรุป!R$5,'บันทึกของเข้า-ออก'!$D:$D,">="&สรุป!$F$2,'บันทึกของเข้า-ออก'!$D:$D,"<="&สรุป!$G$2) -> 0 | V33: เหล็กเส้นข้ออ้อย*6 มม ยาว 10 ม | W33: 18 | X33: เส้น | Y33: 0 | Z33: 0 | AA33: 0 | AB33: 0 | AC33: 0 | AD33: 0 | AE33: 0 | AF33: 0 | AG33: 0 | AH33: 0 | AI33: 0 | AJ33: 0 | AK33: 0
B34: เหล็กรูปพรรณ | C34: เหล็กเส้นข้ออ้อย*12 มม ยาว 10 ม | D34: =SUMIF(F34:T34,">0") -> 0 | E34: เส้น | F34: =Y34+SUMIFS('บันทึกของเข้า-ออก'!$J:$J,'บันทึกของเข้า-ออก'!$B:$B,สรุป!$C34,'บันทึกของเข้า-ออก'!$L:$L,สรุป!F$5,'บันทึกของเข้า-ออก'!$I:$I,">="&สรุป!$F$2,'บันทึกของเข้า-ออก'!$I:$I,"<="&สรุป!$G$2)-SUMIFS('บันทึกของเข้า-ออก'!$E:$E,'บันทึกของเข้า-ออก'!$B:$B,สรุป!$C34,'บันทึกของเข้า-ออก'!$F:$F,สรุป!F$5,'บันทึกของเข้า-ออก'!$D:$D,">="&สรุป!$F$2,'บันทึกของเข้า-ออก'!$D:$D,"<="&สรุป!$G$2) -> 0 | G34: =Z34+SUMIFS('บันทึกของเข้า-ออก'!$J:$J,'บันทึกของเข้า-ออก'!$B:$B,สรุป!$C34,'บันทึกของเข้า-ออก'!$L:$L,สรุป!G$5,'บันทึกของเข้า-ออก'!$I:$I,">="&สรุป!$F$2,'บันทึกของเข้า-ออก'!$I:$I,"<="&สรุป!$G$2)-SUMIFS('บันทึกของเข้า-ออก'!$E:$E,'บันทึกของเข้า-ออก'!$B:$B,สรุป!$C34,'บันทึกของเข้า-ออก'!$F:$F,สรุป!G$5,'บันทึกของเข้า-ออก'!$D:$D,">="&สรุป!$F$2,'บันทึกของเข้า-ออก'!$D:$D,"<="&สรุป!$G$2) -> 0 | H34: =AA34+SUMIFS('บันทึกของเข้า-ออก'!$J:$J,'บันทึกของเข้า-ออก'!$B:$B,สรุป!$C34,'บันทึกของเข้า-ออก'!$L:$L,สรุป!H$5,'บันทึกของเข้า-ออก'!$I:$I,">="&สรุป!$F$2,'บันทึกของเข้า-ออก'!$I:$I,"<="&สรุป!$G$2)-SUMIFS('บันทึกของเข้า-ออก'!$E:$E,'บันทึกของเข้า-ออก'!$B:$B,สรุป!$C34,'บันทึกของเข้า-ออก'!$F:$F,สรุป!H$5,'บันทึกของเข้า-ออก'!$D:$D,">="&สรุป!$F$2,'บันทึกของเข้า-ออก'!$D:$D,"<="&สรุป!$G$2) -> 0 | I34: =AB34+SUMIFS('บันทึกของเข้า-ออก'!$J:$J,'บันทึกของเข้า-ออก'!$B:$B,สรุป!$C34,'บันทึกของเข้า-ออก'!$L:$L,สรุป!I$5,'บันทึกของเข้า-ออก'!$I:$I,">="&สรุป!$F$2,'บันทึกของเข้า-ออก'!$I:$I,"<="&สรุป!$G$2)-SUMIFS('บันทึกของเข้า-ออก'!$E:$E,'บันทึกของเข้า-ออก'!$B:$B,สรุป!$C34,'บันทึกของเข้า-ออก'!$F:$F,สรุป!I$5,'บันทึกของเข้า-ออก'!$D:$D,">="&สรุป!$F$2,'บันทึกของเข้า-ออก'!$D:$D,"<="&สรุป!$G$2) -> 0 | J34: =AC34+SUMIFS('บันทึกของเข้า-ออก'!$J:$J,'บันทึกของเข้า-ออก'!$B:$B,สรุป!$C34,'บันทึกของเข้า-ออก'!$L:$L,สรุป!J$5,'บันทึกของเข้า-ออก'!$I:$I,">="&สรุป!$F$2,'บันทึกของเข้า-ออก'!$I:$I,"<="&สรุป!$G$2)-SUMIFS('บันทึกของเข้า-ออก'!$E:$E,'บันทึกของเข้า-ออก'!$B:$B,สรุป!$C34,'บันทึกของเข้า-ออก'!$F:$F,สรุป!J$5,'บันทึกของเข้า-ออก'!$D:$D,">="&สรุป!$F$2,'บันทึกของเข้า-ออก'!$D:$D,"<="&สรุป!$G$2) -> 0 | K34: =AD34+SUMIFS('บันทึกของเข้า-ออก'!$J:$J,'บันทึกของเข้า-ออก'!$B:$B,สรุป!$C34,'บันทึกของเข้า-ออก'!$L:$L,สรุป!K$5,'บันทึกของเข้า-ออก'!$I:$I,">="&สรุป!$F$2,'บันทึกของเข้า-ออก'!$I:$I,"<="&สรุป!$G$2)-SUMIFS('บันทึกของเข้า-ออก'!$E:$E,'บันทึกของเข้า-ออก'!$B:$B,สรุป!$C34,'บันทึกของเข้า-ออก'!$F:$F,สรุป!K$5,'บันทึกของเข้า-ออก'!$D:$D,">="&สรุป!$F$2,'บันทึกของเข้า-ออก'!$D:$D,"<="&สรุป!$G$2) -> 0 | L34: =AE34+SUMIFS('บันทึกของเข้า-ออก'!$J:$J,'บันทึกของเข้า-ออก'!$B:$B,สรุป!$C34,'บันทึกของเข้า-ออก'!$L:$L,สรุป!L$5,'บันทึกของเข้า-ออก'!$I:$I,">="&สรุป!$F$2,'บันทึกของเข้า-ออก'!$I:$I,"<="&สรุป!$G$2)-SUMIFS('บันทึกของเข้า-ออก'!$E:$E,'บันทึกของเข้า-ออก'!$B:$B,สรุป!$C34,'บันทึกของเข้า-ออก'!$F:$F,สรุป!L$5,'บันทึกของเข้า-ออก'!$D:$D,">="&สรุป!$F$2,'บันทึกของเข้า-ออก'!$D:$D,"<="&สรุป!$G$2) -> 0 | M34: =AF34+SUMIFS('บันทึกของเข้า-ออก'!$J:$J,'บันทึกของเข้า-ออก'!$B:$B,สรุป!$C34,'บันทึกของเข้า-ออก'!$L:$L,สรุป!M$5,'บันทึกของเข้า-ออก'!$I:$I,">="&สรุป!$F$2,'บันทึกของเข้า-ออก'!$I:$I,"<="&สรุป!$G$2)-SUMIFS('บันทึกของเข้า-ออก'!$E:$E,'บันทึกของเข้า-ออก'!$B:$B,สรุป!$C34,'บันทึกของเข้า-ออก'!$F:$F,สรุป!M$5,'บันทึกของเข้า-ออก'!$D:$D,">="&สรุป!$F$2,'บันทึกของเข้า-ออก'!$D:$D,"<="&สรุป!$G$2) -> 0 | ... R34: =AK34+SUMIFS('บันทึกของเข้า-ออก'!$J:$J,'บันทึกของเข้า-ออก'!$B:$B,สรุป!$C34,'บันทึกของเข้า-ออก'!$L:$L,สรุป!R$5,'บันทึกของเข้า-ออก'!$I:$I,">="&สรุป!$F$2,'บันทึกของเข้า-ออก'!$I:$I,"<="&สรุป!$G$2)-SUMIFS('บันทึกของเข้า-ออก'!$E:$E,'บันทึกของเข้า-ออก'!$B:$B,สรุป!$C34,'บันทึกของเข้า-ออก'!$F:$F,สรุป!R$5,'บันทึกของเข้า-ออก'!$D:$D,">="&สรุป!$F$2,'บันทึกของเข้า-ออก'!$D:$D,"<="&สรุป!$G$2) -> 0 | V34: =C34 -> เหล็กเส้นข้ออ้อย*12 มม ยาว 10 ม | W34: 6 | X34: เส้น | Y34: 0 | Z34: 0 | AA34: 0 | AB34: 0 | AC34: 0 | AD34: 0 | AE34: 0 | AF34: 0 | AG34: 0 | AH34: 0 | AI34: 0 | AJ34: 0 | AK34: 0
B35: เหล็กรูปพรรณ | C35: เหล็ก c 5*2 ยาว 6 ม. | D35: =SUMIF(F35:T35,">0") -> 20 | E35: เส้น | F35: =Y35+SUMIFS('บันทึกของเข้า-ออก'!$J:$J,'บันทึกของเข้า-ออก'!$B:$B,สรุป!$C35,'บันทึกของเข้า-ออก'!$L:$L,สรุป!F$5,'บันทึกของเข้า-ออก'!$I:$I,">="&สรุป!$F$2,'บันทึกของเข้า-ออก'!$I:$I,"<="&สรุป!$G$2)-SUMIFS('บันทึกของเข้า-ออก'!$E:$E,'บันทึกของเข้า-ออก'!$B:$B,สรุป!$C35,'บันทึกของเข้า-ออก'!$F:$F,สรุป!F$5,'บันทึกของเข้า-ออก'!$D:$D,">="&สรุป!$F$2,'บันทึกของเข้า-ออก'!$D:$D,"<="&สรุป!$G$2) -> 0 | G35: =Z35+SUMIFS('บันทึกของเข้า-ออก'!$J:$J,'บันทึกของเข้า-ออก'!$B:$B,สรุป!$C35,'บันทึกของเข้า-ออก'!$L:$L,สรุป!G$5,'บันทึกของเข้า-ออก'!$I:$I,">="&สรุป!$F$2,'บันทึกของเข้า-ออก'!$I:$I,"<="&สรุป!$G$2)-SUMIFS('บันทึกของเข้า-ออก'!$E:$E,'บันทึกของเข้า-ออก'!$B:$B,สรุป!$C35,'บันทึกของเข้า-ออก'!$F:$F,สรุป!G$5,'บันทึกของเข้า-ออก'!$D:$D,">="&สรุป!$F$2,'บันทึกของเข้า-ออก'!$D:$D,"<="&สรุป!$G$2) -> 0 | H35: =AA35+SUMIFS('บันทึกของเข้า-ออก'!$J:$J,'บันทึกของเข้า-ออก'!$B:$B,สรุป!$C35,'บันทึกของเข้า-ออก'!$L:$L,สรุป!H$5,'บันทึกของเข้า-ออก'!$I:$I,">="&สรุป!$F$2,'บันทึกของเข้า-ออก'!$I:$I,"<="&สรุป!$G$2)-SUMIFS('บันทึกของเข้า-ออก'!$E:$E,'บันทึกของเข้า-ออก'!$B:$B,สรุป!$C35,'บันทึกของเข้า-ออก'!$F:$F,สรุป!H$5,'บันทึกของเข้า-ออก'!$D:$D,">="&สรุป!$F$2,'บันทึกของเข้า-ออก'!$D:$D,"<="&สรุป!$G$2) -> 0 | I35: =AB35+SUMIFS('บันทึกของเข้า-ออก'!$J:$J,'บันทึกของเข้า-ออก'!$B:$B,สรุป!$C35,'บันทึกของเข้า-ออก'!$L:$L,สรุป!I$5,'บันทึกของเข้า-ออก'!$I:$I,">="&สรุป!$F$2,'บันทึกของเข้า-ออก'!$I:$I,"<="&สรุป!$G$2)-SUMIFS('บันทึกของเข้า-ออก'!$E:$E,'บันทึกของเข้า-ออก'!$B:$B,สรุป!$C35,'บันทึกของเข้า-ออก'!$F:$F,สรุป!I$5,'บันทึกของเข้า-ออก'!$D:$D,">="&สรุป!$F$2,'บันทึกของเข้า-ออก'!$D:$D,"<="&สรุป!$G$2) -> 20 | J35: =AC35+SUMIFS('บันทึกของเข้า-ออก'!$J:$J,'บันทึกของเข้า-ออก'!$B:$B,สรุป!$C35,'บันทึกของเข้า-ออก'!$L:$L,สรุป!J$5,'บันทึกของเข้า-ออก'!$I:$I,">="&สรุป!$F$2,'บันทึกของเข้า-ออก'!$I:$I,"<="&สรุป!$G$2)-SUMIFS('บันทึกของเข้า-ออก'!$E:$E,'บันทึกของเข้า-ออก'!$B:$B,สรุป!$C35,'บันทึกของเข้า-ออก'!$F:$F,สรุป!J$5,'บันทึกของเข้า-ออก'!$D:$D,">="&สรุป!$F$2,'บันทึกของเข้า-ออก'!$D:$D,"<="&สรุป!$G$2) -> 0 | K35: =AD35+SUMIFS('บันทึกของเข้า-ออก'!$J:$J,'บันทึกของเข้า-ออก'!$B:$B,สรุป!$C35,'บันทึกของเข้า-ออก'!$L:$L,สรุป!K$5,'บันทึกของเข้า-ออก'!$I:$I,">="&สรุป!$F$2,'บันทึกของเข้า-ออก'!$I:$I,"<="&สรุป!$G$2)-SUMIFS('บันทึกของเข้า-ออก'!$E:$E,'บันทึกของเข้า-ออก'!$B:$B,สรุป!$C35,'บันทึกของเข้า-ออก'!$F:$F,สรุป!K$5,'บันทึกของเข้า-ออก'!$D:$D,">="&สรุป!$F$2,'บันทึกของเข้า-ออก'!$D:$D,"<="&สรุป!$G$2) -> 0 | L35: =AE35+SUMIFS('บันทึกของเข้า-ออก'!$J:$J,'บันทึกของเข้า-ออก'!$B:$B,สรุป!$C35,'บันทึกของเข้า-ออก'!$L:$L,สรุป!L$5,'บันทึกของเข้า-ออก'!$I:$I,">="&สรุป!$F$2,'บันทึกของเข้า-ออก'!$I:$I,"<="&สรุป!$G$2)-SUMIFS('บันทึกของเข้า-ออก'!$E:$E,'บันทึกของเข้า-ออก'!$B:$B,สรุป!$C35,'บันทึกของเข้า-ออก'!$F:$F,สรุป!L$5,'บันทึกของเข้า-ออก'!$D:$D,">="&สรุป!$F$2,'บันทึกของเข้า-ออก'!$D:$D,"<="&สรุป!$G$2) -> 0 | M35: =AF35+SUMIFS('บันทึกของเข้า-ออก'!$J:$J,'บันทึกของเข้า-ออก'!$B:$B,สรุป!$C35,'บันทึกของเข้า-ออก'!$L:$L,สรุป!M$5,'บันทึกของเข้า-ออก'!$I:$I,">="&สรุป!$F$2,'บันทึกของเข้า-ออก'!$I:$I,"<="&สรุป!$G$2)-SUMIFS('บันทึกของเข้า-ออก'!$E:$E,'บันทึกของเข้า-ออก'!$B:$B,สรุป!$C35,'บันทึกของเข้า-ออก'!$F:$F,สรุป!M$5,'บันทึกของเข้า-ออก'!$D:$D,">="&สรุป!$F$2,'บันทึกของเข้า-ออก'!$D:$D,"<="&สรุป!$G$2) -> 0 | ... R35: =AK35+SUMIFS('บันทึกของเข้า-ออก'!$J:$J,'บันทึกของเข้า-ออก'!$B:$B,สรุป!$C35,'บันทึกของเข้า-ออก'!$L:$L,สรุป!R$5,'บันทึกของเข้า-ออก'!$I:$I,">="&สรุป!$F$2,'บันทึกของเข้า-ออก'!$I:$I,"<="&สรุป!$G$2)-SUMIFS('บันทึกของเข้า-ออก'!$E:$E,'บันทึกของเข้า-ออก'!$B:$B,สรุป!$C35,'บันทึกของเข้า-ออก'!$F:$F,สรุป!R$5,'บันทึกของเข้า-ออก'!$D:$D,">="&สรุป!$F$2,'บันทึกของเข้า-ออก'!$D:$D,"<="&สรุป!$G$2) -> 0 | V35: =C35 -> เหล็ก c 5*2 ยาว 6 ม. | W35: 20 | X35: เส้น | Y35: 0 | Z35: 0 | AA35: 0 | AB35: 20 | AC35: 0 | AD35: 0 | AE35: 0 | AF35: 0 | AG35: 0 | AH35: 0 | AI35: 0 | AJ35: 0 | AK35: 0
B36: เหล็กรูปพรรณ | C36: เหล็ก c 6*2 ยาว 6 ม. | D36: =SUMIF(F36:T36,">0") -> 2 | E36: เส้น | F36: =Y36+SUMIFS('บันทึกของเข้า-ออก'!$J:$J,'บันทึกของเข้า-ออก'!$B:$B,สรุป!$C36,'บันทึกของเข้า-ออก'!$L:$L,สรุป!F$5,'บันทึกของเข้า-ออก'!$I:$I,">="&สรุป!$F$2,'บันทึกของเข้า-ออก'!$I:$I,"<="&สรุป!$G$2)-SUMIFS('บันทึกของเข้า-ออก'!$E:$E,'บันทึกของเข้า-ออก'!$B:$B,สรุป!$C36,'บันทึกของเข้า-ออก'!$F:$F,สรุป!F$5,'บันทึกของเข้า-ออก'!$D:$D,">="&สรุป!$F$2,'บันทึกของเข้า-ออก'!$D:$D,"<="&สรุป!$G$2) -> 0 | G36: =Z36+SUMIFS('บันทึกของเข้า-ออก'!$J:$J,'บันทึกของเข้า-ออก'!$B:$B,สรุป!$C36,'บันทึกของเข้า-ออก'!$L:$L,สรุป!G$5,'บันทึกของเข้า-ออก'!$I:$I,">="&สรุป!$F$2,'บันทึกของเข้า-ออก'!$I:$I,"<="&สรุป!$G$2)-SUMIFS('บันทึกของเข้า-ออก'!$E:$E,'บันทึกของเข้า-ออก'!$B:$B,สรุป!$C36,'บันทึกของเข้า-ออก'!$F:$F,สรุป!G$5,'บันทึกของเข้า-ออก'!$D:$D,">="&สรุป!$F$2,'บันทึกของเข้า-ออก'!$D:$D,"<="&สรุป!$G$2) -> 0 | H36: =AA36+SUMIFS('บันทึกของเข้า-ออก'!$J:$J,'บันทึกของเข้า-ออก'!$B:$B,สรุป!$C36,'บันทึกของเข้า-ออก'!$L:$L,สรุป!H$5,'บันทึกของเข้า-ออก'!$I:$I,">="&สรุป!$F$2,'บันทึกของเข้า-ออก'!$I:$I,"<="&สรุป!$G$2)-SUMIFS('บันทึกของเข้า-ออก'!$E:$E,'บันทึกของเข้า-ออก'!$B:$B,สรุป!$C36,'บันทึกของเข้า-ออก'!$F:$F,สรุป!H$5,'บันทึกของเข้า-ออก'!$D:$D,">="&สรุป!$F$2,'บันทึกของเข้า-ออก'!$D:$D,"<="&สรุป!$G$2) -> 0 | I36: =AB36+SUMIFS('บันทึกของเข้า-ออก'!$J:$J,'บันทึกของเข้า-ออก'!$B:$B,สรุป!$C36,'บันทึกของเข้า-ออก'!$L:$L,สรุป!I$5,'บันทึกของเข้า-ออก'!$I:$I,">="&สรุป!$F$2,'บันทึกของเข้า-ออก'!$I:$I,"<="&สรุป!$G$2)-SUMIFS('บันทึกของเข้า-ออก'!$E:$E,'บันทึกของเข้า-ออก'!$B:$B,สรุป!$C36,'บันทึกของเข้า-ออก'!$F:$F,สรุป!I$5,'บันทึกของเข้า-ออก'!$D:$D,">="&สรุป!$F$2,'บันทึกของเข้า-ออก'!$D:$D,"<="&สรุป!$G$2) -> 2 | J36: =AC36+SUMIFS('บันทึกของเข้า-ออก'!$J:$J,'บันทึกของเข้า-ออก'!$B:$B,สรุป!$C36,'บันทึกของเข้า-ออก'!$L:$L,สรุป!J$5,'บันทึกของเข้า-ออก'!$I:$I,">="&สรุป!$F$2,'บันทึกของเข้า-ออก'!$I:$I,"<="&สรุป!$G$2)-SUMIFS('บันทึกของเข้า-ออก'!$E:$E,'บันทึกของเข้า-ออก'!$B:$B,สรุป!$C36,'บันทึกของเข้า-ออก'!$F:$F,สรุป!J$5,'บันทึกของเข้า-ออก'!$D:$D,">="&สรุป!$F$2,'บันทึกของเข้า-ออก'!$D:$D,"<="&สรุป!$G$2) -> 0 | K36: =AD36+SUMIFS('บันทึกของเข้า-ออก'!$J:$J,'บันทึกของเข้า-ออก'!$B:$B,สรุป!$C36,'บันทึกของเข้า-ออก'!$L:$L,สรุป!K$5,'บันทึกของเข้า-ออก'!$I:$I,">="&สรุป!$F$2,'บันทึกของเข้า-ออก'!$I:$I,"<="&สรุป!$G$2)-SUMIFS('บันทึกของเข้า-ออก'!$E:$E,'บันทึกของเข้า-ออก'!$B:$B,สรุป!$C36,'บันทึกของเข้า-ออก'!$F:$F,สรุป!K$5,'บันทึกของเข้า-ออก'!$D:$D,">="&สรุป!$F$2,'บันทึกของเข้า-ออก'!$D:$D,"<="&สรุป!$G$2) -> 0 | L36: =AE36+SUMIFS('บันทึกของเข้า-ออก'!$J:$J,'บันทึกของเข้า-ออก'!$B:$B,สรุป!$C36,'บันทึกของเข้า-ออก'!$L:$L,สรุป!L$5,'บันทึกของเข้า-ออก'!$I:$I,">="&สรุป!$F$2,'บันทึกของเข้า-ออก'!$I:$I,"<="&สรุป!$G$2)-SUMIFS('บันทึกของเข้า-ออก'!$E:$E,'บันทึกของเข้า-ออก'!$B:$B,สรุป!$C36,'บันทึกของเข้า-ออก'!$F:$F,สรุป!L$5,'บันทึกของเข้า-ออก'!$D:$D,">="&สรุป!$F$2,'บันทึกของเข้า-ออก'!$D:$D,"<="&สรุป!$G$2) -> 0 | M36: =AF36+SUMIFS('บันทึกของเข้า-ออก'!$J:$J,'บันทึกของเข้า-ออก'!$B:$B,สรุป!$C36,'บันทึกของเข้า-ออก'!$L:$L,สรุป!M$5,'บันทึกของเข้า-ออก'!$I:$I,">="&สรุป!$F$2,'บันทึกของเข้า-ออก'!$I:$I,"<="&สรุป!$G$2)-SUMIFS('บันทึกของเข้า-ออก'!$E:$E,'บันทึกของเข้า-ออก'!$B:$B,สรุป!$C36,'บันทึกของเข้า-ออก'!$F:$F,สรุป!M$5,'บันทึกของเข้า-ออก'!$D:$D,">="&สรุป!$F$2,'บันทึกของเข้า-ออก'!$D:$D,"<="&สรุป!$G$2) -> 0 | ... R36: =AK36+SUMIFS('บันทึกของเข้า-ออก'!$J:$J,'บันทึกของเข้า-ออก'!$B:$B,สรุป!$C36,'บันทึกของเข้า-ออก'!$L:$L,สรุป!R$5,'บันทึกของเข้า-ออก'!$I:$I,">="&สรุป!$F$2,'บันทึกของเข้า-ออก'!$I:$I,"<="&สรุป!$G$2)-SUMIFS('บันทึกของเข้า-ออก'!$E:$E,'บันทึกของเข้า-ออก'!$B:$B,สรุป!$C36,'บันทึกของเข้า-ออก'!$F:$F,สรุป!R$5,'บันทึกของเข้า-ออก'!$D:$D,">="&สรุป!$F$2,'บันทึกของเข้า-ออก'!$D:$D,"<="&สรุป!$G$2) -> 0 | V36: =C36 -> เหล็ก c 6*2 ยาว 6 ม. | W36: 2 | X36: เส้น | Y36: 0 | Z36: 0 | AA36: 0 | AB36: 2 | AC36: 0 | AD36: 0 | AE36: 0 | AF36: 0 | AG36: 0 | AH36: 0 | AI36: 0 | AJ36: 0 | AK36: 0
B37: เหล็กรูปพรรณ | C37: เหล็ก c 6*3 ยาว 6 ม. | D37: =SUMIF(F37:T37,">0") -> 1 | E37: เส้น | F37: =Y37+SUMIFS('บันทึกของเข้า-ออก'!$J:$J,'บันทึกของเข้า-ออก'!$B:$B,สรุป!$C37,'บันทึกของเข้า-ออก'!$L:$L,สรุป!F$5,'บันทึกของเข้า-ออก'!$I:$I,">="&สรุป!$F$2,'บันทึกของเข้า-ออก'!$I:$I,"<="&สรุป!$G$2)-SUMIFS('บันทึกของเข้า-ออก'!$E:$E,'บันทึกของเข้า-ออก'!$B:$B,สรุป!$C37,'บันทึกของเข้า-ออก'!$F:$F,สรุป!F$5,'บันทึกของเข้า-ออก'!$D:$D,">="&สรุป!$F$2,'บันทึกของเข้า-ออก'!$D:$D,"<="&สรุป!$G$2) -> 0 | G37: =Z37+SUMIFS('บันทึกของเข้า-ออก'!$J:$J,'บันทึกของเข้า-ออก'!$B:$B,สรุป!$C37,'บันทึกของเข้า-ออก'!$L:$L,สรุป!G$5,'บันทึกของเข้า-ออก'!$I:$I,">="&สรุป!$F$2,'บันทึกของเข้า-ออก'!$I:$I,"<="&สรุป!$G$2)-SUMIFS('บันทึกของเข้า-ออก'!$E:$E,'บันทึกของเข้า-ออก'!$B:$B,สรุป!$C37,'บันทึกของเข้า-ออก'!$F:$F,สรุป!G$5,'บันทึกของเข้า-ออก'!$D:$D,">="&สรุป!$F$2,'บันทึกของเข้า-ออก'!$D:$D,"<="&สรุป!$G$2) -> 0 | H37: =AA37+SUMIFS('บันทึกของเข้า-ออก'!$J:$J,'บันทึกของเข้า-ออก'!$B:$B,สรุป!$C37,'บันทึกของเข้า-ออก'!$L:$L,สรุป!H$5,'บันทึกของเข้า-ออก'!$I:$I,">="&สรุป!$F$2,'บันทึกของเข้า-ออก'!$I:$I,"<="&สรุป!$G$2)-SUMIFS('บันทึกของเข้า-ออก'!$E:$E,'บันทึกของเข้า-ออก'!$B:$B,สรุป!$C37,'บันทึกของเข้า-ออก'!$F:$F,สรุป!H$5,'บันทึกของเข้า-ออก'!$D:$D,">="&สรุป!$F$2,'บันทึกของเข้า-ออก'!$D:$D,"<="&สรุป!$G$2) -> 0 | I37: =AB37+SUMIFS('บันทึกของเข้า-ออก'!$J:$J,'บันทึกของเข้า-ออก'!$B:$B,สรุป!$C37,'บันทึกของเข้า-ออก'!$L:$L,สรุป!I$5,'บันทึกของเข้า-ออก'!$I:$I,">="&สรุป!$F$2,'บันทึกของเข้า-ออก'!$I:$I,"<="&สรุป!$G$2)-SUMIFS('บันทึกของเข้า-ออก'!$E:$E,'บันทึกของเข้า-ออก'!$B:$B,สรุป!$C37,'บันทึกของเข้า-ออก'!$F:$F,สรุป!I$5,'บันทึกของเข้า-ออก'!$D:$D,">="&สรุป!$F$2,'บันทึกของเข้า-ออก'!$D:$D,"<="&สรุป!$G$2) -> 1 | J37: =AC37+SUMIFS('บันทึกของเข้า-ออก'!$J:$J,'บันทึกของเข้า-ออก'!$B:$B,สรุป!$C37,'บันทึกของเข้า-ออก'!$L:$L,สรุป!J$5,'บันทึกของเข้า-ออก'!$I:$I,">="&สรุป!$F$2,'บันทึกของเข้า-ออก'!$I:$I,"<="&สรุป!$G$2)-SUMIFS('บันทึกของเข้า-ออก'!$E:$E,'บันทึกของเข้า-ออก'!$B:$B,สรุป!$C37,'บันทึกของเข้า-ออก'!$F:$F,สรุป!J$5,'บันทึกของเข้า-ออก'!$D:$D,">="&สรุป!$F$2,'บันทึกของเข้า-ออก'!$D:$D,"<="&สรุป!$G$2) -> 0 | K37: =AD37+SUMIFS('บันทึกของเข้า-ออก'!$J:$J,'บันทึกของเข้า-ออก'!$B:$B,สรุป!$C37,'บันทึกของเข้า-ออก'!$L:$L,สรุป!K$5,'บันทึกของเข้า-ออก'!$I:$I,">="&สรุป!$F$2,'บันทึกของเข้า-ออก'!$I:$I,"<="&สรุป!$G$2)-SUMIFS('บันทึกของเข้า-ออก'!$E:$E,'บันทึกของเข้า-ออก'!$B:$B,สรุป!$C37,'บันทึกของเข้า-ออก'!$F:$F,สรุป!K$5,'บันทึกของเข้า-ออก'!$D:$D,">="&สรุป!$F$2,'บันทึกของเข้า-ออก'!$D:$D,"<="&สรุป!$G$2) -> 0 | L37: =AE37+SUMIFS('บันทึกของเข้า-ออก'!$J:$J,'บันทึกของเข้า-ออก'!$B:$B,สรุป!$C37,'บันทึกของเข้า-ออก'!$L:$L,สรุป!L$5,'บันทึกของเข้า-ออก'!$I:$I,">="&สรุป!$F$2,'บันทึกของเข้า-ออก'!$I:$I,"<="&สรุป!$G$2)-SUMIFS('บันทึกของเข้า-ออก'!$E:$E,'บันทึกของเข้า-ออก'!$B:$B,สรุป!$C37,'บันทึกของเข้า-ออก'!$F:$F,สรุป!L$5,'บันทึกของเข้า-ออก'!$D:$D,">="&สรุป!$F$2,'บันทึกของเข้า-ออก'!$D:$D,"<="&สรุป!$G$2) -> 0 | M37: =AF37+SUMIFS('บันทึกของเข้า-ออก'!$J:$J,'บันทึกของเข้า-ออก'!$B:$B,สรุป!$C37,'บันทึกของเข้า-ออก'!$L:$L,สรุป!M$5,'บันทึกของเข้า-ออก'!$I:$I,">="&สรุป!$F$2,'บันทึกของเข้า-ออก'!$I:$I,"<="&สรุป!$G$2)-SUMIFS('บันทึกของเข้า-ออก'!$E:$E,'บันทึกของเข้า-ออก'!$B:$B,สรุป!$C37,'บันทึกของเข้า-ออก'!$F:$F,สรุป!M$5,'บันทึกของเข้า-ออก'!$D:$D,">="&สรุป!$F$2,'บันทึกของเข้า-ออก'!$D:$D,"<="&สรุป!$G$2) -> 0 | ... R37: =AK37+SUMIFS('บันทึกของเข้า-ออก'!$J:$J,'บันทึกของเข้า-ออก'!$B:$B,สรุป!$C37,'บันทึกของเข้า-ออก'!$L:$L,สรุป!R$5,'บันทึกของเข้า-ออก'!$I:$I,">="&สรุป!$F$2,'บันทึกของเข้า-ออก'!$I:$I,"<="&สรุป!$G$2)-SUMIFS('บันทึกของเข้า-ออก'!$E:$E,'บันทึกของเข้า-ออก'!$B:$B,สรุป!$C37,'บันทึกของเข้า-ออก'!$F:$F,สรุป!R$5,'บันทึกของเข้า-ออก'!$D:$D,">="&สรุป!$F$2,'บันทึกของเข้า-ออก'!$D:$D,"<="&สรุป!$G$2) -> 0 | V37: =C37 -> เหล็ก c 6*3 ยาว 6 ม. | W37: 1 | X37: เส้น | Y37: 0 | Z37: 0 | AA37: 0 | AB37: 1 | AC37: 0 | AD37: 0 | AE37: 0 | AF37: 0 | AG37: 0 | AH37: 0 | AI37: 0 | AJ37: 0 | AK37: 0
B38: เหล็กรูปพรรณ | C38: เหล็ก c4*2 ยาว 6 ม. | D38: =SUMIF(F38:T38,">0") -> 2 | E38: เส้น | F38: =Y38+SUMIFS('บันทึกของเข้า-ออก'!$J:$J,'บันทึกของเข้า-ออก'!$B:$B,สรุป!$C38,'บันทึกของเข้า-ออก'!$L:$L,สรุป!F$5,'บันทึกของเข้า-ออก'!$I:$I,">="&สรุป!$F$2,'บันทึกของเข้า-ออก'!$I:$I,"<="&สรุป!$G$2)-SUMIFS('บันทึกของเข้า-ออก'!$E:$E,'บันทึกของเข้า-ออก'!$B:$B,สรุป!$C38,'บันทึกของเข้า-ออก'!$F:$F,สรุป!F$5,'บันทึกของเข้า-ออก'!$D:$D,">="&สรุป!$F$2,'บันทึกของเข้า-ออก'!$D:$D,"<="&สรุป!$G$2) -> 0 | G38: =Z38+SUMIFS('บันทึกของเข้า-ออก'!$J:$J,'บันทึกของเข้า-ออก'!$B:$B,สรุป!$C38,'บันทึกของเข้า-ออก'!$L:$L,สรุป!G$5,'บันทึกของเข้า-ออก'!$I:$I,">="&สรุป!$F$2,'บันทึกของเข้า-ออก'!$I:$I,"<="&สรุป!$G$2)-SUMIFS('บันทึกของเข้า-ออก'!$E:$E,'บันทึกของเข้า-ออก'!$B:$B,สรุป!$C38,'บันทึกของเข้า-ออก'!$F:$F,สรุป!G$5,'บันทึกของเข้า-ออก'!$D:$D,">="&สรุป!$F$2,'บันทึกของเข้า-ออก'!$D:$D,"<="&สรุป!$G$2) -> 0 | H38: =AA38+SUMIFS('บันทึกของเข้า-ออก'!$J:$J,'บันทึกของเข้า-ออก'!$B:$B,สรุป!$C38,'บันทึกของเข้า-ออก'!$L:$L,สรุป!H$5,'บันทึกของเข้า-ออก'!$I:$I,">="&สรุป!$F$2,'บันทึกของเข้า-ออก'!$I:$I,"<="&สรุป!$G$2)-SUMIFS('บันทึกของเข้า-ออก'!$E:$E,'บันทึกของเข้า-ออก'!$B:$B,สรุป!$C38,'บันทึกของเข้า-ออก'!$F:$F,สรุป!H$5,'บันทึกของเข้า-ออก'!$D:$D,">="&สรุป!$F$2,'บันทึกของเข้า-ออก'!$D:$D,"<="&สรุป!$G$2) -> 0 | I38: =AB38+SUMIFS('บันทึกของเข้า-ออก'!$J:$J,'บันทึกของเข้า-ออก'!$B:$B,สรุป!$C38,'บันทึกของเข้า-ออก'!$L:$L,สรุป!I$5,'บันทึกของเข้า-ออก'!$I:$I,">="&สรุป!$F$2,'บันทึกของเข้า-ออก'!$I:$I,"<="&สรุป!$G$2)-SUMIFS('บันทึกของเข้า-ออก'!$E:$E,'บันทึกของเข้า-ออก'!$B:$B,สรุป!$C38,'บันทึกของเข้า-ออก'!$F:$F,สรุป!I$5,'บันทึกของเข้า-ออก'!$D:$D,">="&สรุป!$F$2,'บันทึกของเข้า-ออก'!$D:$D,"<="&สรุป!$G$2) -> 2 | J38: =AC38+SUMIFS('บันทึกของเข้า-ออก'!$J:$J,'บันทึกของเข้า-ออก'!$B:$B,สรุป!$C38,'บันทึกของเข้า-ออก'!$L:$L,สรุป!J$5,'บันทึกของเข้า-ออก'!$I:$I,">="&สรุป!$F$2,'บันทึกของเข้า-ออก'!$I:$I,"<="&สรุป!$G$2)-SUMIFS('บันทึกของเข้า-ออก'!$E:$E,'บันทึกของเข้า-ออก'!$B:$B,สรุป!$C38,'บันทึกของเข้า-ออก'!$F:$F,สรุป!J$5,'บันทึกของเข้า-ออก'!$D:$D,">="&สรุป!$F$2,'บันทึกของเข้า-ออก'!$D:$D,"<="&สรุป!$G$2) -> 0 | K38: =AD38+SUMIFS('บันทึกของเข้า-ออก'!$J:$J,'บันทึกของเข้า-ออก'!$B:$B,สรุป!$C38,'บันทึกของเข้า-ออก'!$L:$L,สรุป!K$5,'บันทึกของเข้า-ออก'!$I:$I,">="&สรุป!$F$2,'บันทึกของเข้า-ออก'!$I:$I,"<="&สรุป!$G$2)-SUMIFS('บันทึกของเข้า-ออก'!$E:$E,'บันทึกของเข้า-ออก'!$B:$B,สรุป!$C38,'บันทึกของเข้า-ออก'!$F:$F,สรุป!K$5,'บันทึกของเข้า-ออก'!$D:$D,">="&สรุป!$F$2,'บันทึกของเข้า-ออก'!$D:$D,"<="&สรุป!$G$2) -> 0 | L38: =AE38+SUMIFS('บันทึกของเข้า-ออก'!$J:$J,'บันทึกของเข้า-ออก'!$B:$B,สรุป!$C38,'บันทึกของเข้า-ออก'!$L:$L,สรุป!L$5,'บันทึกของเข้า-ออก'!$I:$I,">="&สรุป!$F$2,'บันทึกของเข้า-ออก'!$I:$I,"<="&สรุป!$G$2)-SUMIFS('บันทึกของเข้า-ออก'!$E:$E,'บันทึกของเข้า-ออก'!$B:$B,สรุป!$C38,'บันทึกของเข้า-ออก'!$F:$F,สรุป!L$5,'บันทึกของเข้า-ออก'!$D:$D,">="&สรุป!$F$2,'บันทึกของเข้า-ออก'!$D:$D,"<="&สรุป!$G$2) -> 0 | M38: =AF38+SUMIFS('บันทึกของเข้า-ออก'!$J:$J,'บันทึกของเข้า-ออก'!$B:$B,สรุป!$C38,'บันทึกของเข้า-ออก'!$L:$L,สรุป!M$5,'บันทึกของเข้า-ออก'!$I:$I,">="&สรุป!$F$2,'บันทึกของเข้า-ออก'!$I:$I,"<="&สรุป!$G$2)-SUMIFS('บันทึกของเข้า-ออก'!$E:$E,'บันทึกของเข้า-ออก'!$B:$B,สรุป!$C38,'บันทึกของเข้า-ออก'!$F:$F,สรุป!M$5,'บันทึกของเข้า-ออก'!$D:$D,">="&สรุป!$F$2,'บันทึกของเข้า-ออก'!$D:$D,"<="&สรุป!$G$2) -> 0 | ... R38: =AK38+SUMIFS('บันทึกของเข้า-ออก'!$J:$J,'บันทึกของเข้า-ออก'!$B:$B,สรุป!$C38,'บันทึกของเข้า-ออก'!$L:$L,สรุป!R$5,'บันทึกของเข้า-ออก'!$I:$I,">="&สรุป!$F$2,'บันทึกของเข้า-ออก'!$I:$I,"<="&สรุป!$G$2)-SUMIFS('บันทึกของเข้า-ออก'!$E:$E,'บันทึกของเข้า-ออก'!$B:$B,สรุป!$C38,'บันทึกของเข้า-ออก'!$F:$F,สรุป!R$5,'บันทึกของเข้า-ออก'!$D:$D,">="&สรุป!$F$2,'บันทึกของเข้า-ออก'!$D:$D,"<="&สรุป!$G$2) -> 0 | V38: =C38 -> เหล็ก c4*2 ยาว 6 ม. | W38: 2 | X38: เส้น | Y38: 0 | Z38: 0 | AA38: 0 | AB38: 2 | AC38: 0 | AD38: 0 | AE38: 0 | AF38: 0 | AG38: 0 | AH38: 0 | AI38: 0 | AJ38: 0 | AK38: 0
B39: เหล็กรูปพรรณ | C39: เหล็กแป๊บกลม 1.5 น.ยาว 2.50-3 ม. | D39: =SUMIF(F39:T39,">0") -> 11 | E39: เส้น | F39: =Y39+SUMIFS('บันทึกของเข้า-ออก'!$J:$J,'บันทึกของเข้า-ออก'!$B:$B,สรุป!$C39,'บันทึกของเข้า-ออก'!$L:$L,สรุป!F$5,'บันทึกของเข้า-ออก'!$I:$I,">="&สรุป!$F$2,'บันทึกของเข้า-ออก'!$I:$I,"<="&สรุป!$G$2)-SUMIFS('บันทึกของเข้า-ออก'!$E:$E,'บันทึกของเข้า-ออก'!$B:$B,สรุป!$C39,'บันทึกของเข้า-ออก'!$F:$F,สรุป!F$5,'บันทึกของเข้า-ออก'!$D:$D,">="&สรุป!$F$2,'บันทึกของเข้า-ออก'!$D:$D,"<="&สรุป!$G$2) -> 0 | G39: =Z39+SUMIFS('บันทึกของเข้า-ออก'!$J:$J,'บันทึกของเข้า-ออก'!$B:$B,สรุป!$C39,'บันทึกของเข้า-ออก'!$L:$L,สรุป!G$5,'บันทึกของเข้า-ออก'!$I:$I,">="&สรุป!$F$2,'บันทึกของเข้า-ออก'!$I:$I,"<="&สรุป!$G$2)-SUMIFS('บันทึกของเข้า-ออก'!$E:$E,'บันทึกของเข้า-ออก'!$B:$B,สรุป!$C39,'บันทึกของเข้า-ออก'!$F:$F,สรุป!G$5,'บันทึกของเข้า-ออก'!$D:$D,">="&สรุป!$F$2,'บันทึกของเข้า-ออก'!$D:$D,"<="&สรุป!$G$2) -> 0 | H39: =AA39+SUMIFS('บันทึกของเข้า-ออก'!$J:$J,'บันทึกของเข้า-ออก'!$B:$B,สรุป!$C39,'บันทึกของเข้า-ออก'!$L:$L,สรุป!H$5,'บันทึกของเข้า-ออก'!$I:$I,">="&สรุป!$F$2,'บันทึกของเข้า-ออก'!$I:$I,"<="&สรุป!$G$2)-SUMIFS('บันทึกของเข้า-ออก'!$E:$E,'บันทึกของเข้า-ออก'!$B:$B,สรุป!$C39,'บันทึกของเข้า-ออก'!$F:$F,สรุป!H$5,'บันทึกของเข้า-ออก'!$D:$D,">="&สรุป!$F$2,'บันทึกของเข้า-ออก'!$D:$D,"<="&สรุป!$G$2) -> 0 | I39: =AB39+SUMIFS('บันทึกของเข้า-ออก'!$J:$J,'บันทึกของเข้า-ออก'!$B:$B,สรุป!$C39,'บันทึกของเข้า-ออก'!$L:$L,สรุป!I$5,'บันทึกของเข้า-ออก'!$I:$I,">="&สรุป!$F$2,'บันทึกของเข้า-ออก'!$I:$I,"<="&สรุป!$G$2)-SUMIFS('บันทึกของเข้า-ออก'!$E:$E,'บันทึกของเข้า-ออก'!$B:$B,สรุป!$C39,'บันทึกของเข้า-ออก'!$F:$F,สรุป!I$5,'บันทึกของเข้า-ออก'!$D:$D,">="&สรุป!$F$2,'บันทึกของเข้า-ออก'!$D:$D,"<="&สรุป!$G$2) -> 0 | J39: =AC39+SUMIFS('บันทึกของเข้า-ออก'!$J:$J,'บันทึกของเข้า-ออก'!$B:$B,สรุป!$C39,'บันทึกของเข้า-ออก'!$L:$L,สรุป!J$5,'บันทึกของเข้า-ออก'!$I:$I,">="&สรุป!$F$2,'บันทึกของเข้า-ออก'!$I:$I,"<="&สรุป!$G$2)-SUMIFS('บันทึกของเข้า-ออก'!$E:$E,'บันทึกของเข้า-ออก'!$B:$B,สรุป!$C39,'บันทึกของเข้า-ออก'!$F:$F,สรุป!J$5,'บันทึกของเข้า-ออก'!$D:$D,">="&สรุป!$F$2,'บันทึกของเข้า-ออก'!$D:$D,"<="&สรุป!$G$2) -> -11 | K39: =AD39+SUMIFS('บันทึกของเข้า-ออก'!$J:$J,'บันทึกของเข้า-ออก'!$B:$B,สรุป!$C39,'บันทึกของเข้า-ออก'!$L:$L,สรุป!K$5,'บันทึกของเข้า-ออก'!$I:$I,">="&สรุป!$F$2,'บันทึกของเข้า-ออก'!$I:$I,"<="&สรุป!$G$2)-SUMIFS('บันทึกของเข้า-ออก'!$E:$E,'บันทึกของเข้า-ออก'!$B:$B,สรุป!$C39,'บันทึกของเข้า-ออก'!$F:$F,สรุป!K$5,'บันทึกของเข้า-ออก'!$D:$D,">="&สรุป!$F$2,'บันทึกของเข้า-ออก'!$D:$D,"<="&สรุป!$G$2) -> 0 | L39: =AE39+SUMIFS('บันทึกของเข้า-ออก'!$J:$J,'บันทึกของเข้า-ออก'!$B:$B,สรุป!$C39,'บันทึกของเข้า-ออก'!$L:$L,สรุป!L$5,'บันทึกของเข้า-ออก'!$I:$I,">="&สรุป!$F$2,'บันทึกของเข้า-ออก'!$I:$I,"<="&สรุป!$G$2)-SUMIFS('บันทึกของเข้า-ออก'!$E:$E,'บันทึกของเข้า-ออก'!$B:$B,สรุป!$C39,'บันทึกของเข้า-ออก'!$F:$F,สรุป!L$5,'บันทึกของเข้า-ออก'!$D:$D,">="&สรุป!$F$2,'บันทึกของเข้า-ออก'!$D:$D,"<="&สรุป!$G$2) -> 0 | M39: =AF39+SUMIFS('บันทึกของเข้า-ออก'!$J:$J,'บันทึกของเข้า-ออก'!$B:$B,สรุป!$C39,'บันทึกของเข้า-ออก'!$L:$L,สรุป!M$5,'บันทึกของเข้า-ออก'!$I:$I,">="&สรุป!$F$2,'บันทึกของเข้า-ออก'!$I:$I,"<="&สรุป!$G$2)-SUMIFS('บันทึกของเข้า-ออก'!$E:$E,'บันทึกของเข้า-ออก'!$B:$B,สรุป!$C39,'บันทึกของเข้า-ออก'!$F:$F,สรุป!M$5,'บันทึกของเข้า-ออก'!$D:$D,">="&สรุป!$F$2,'บันทึกของเข้า-ออก'!$D:$D,"<="&สรุป!$G$2) -> 0 | ... R39: =AK39+SUMIFS('บันทึกของเข้า-ออก'!$J:$J,'บันทึกของเข้า-ออก'!$B:$B,สรุป!$C39,'บันทึกของเข้า-ออก'!$L:$L,สรุป!R$5,'บันทึกของเข้า-ออก'!$I:$I,">="&สรุป!$F$2,'บันทึกของเข้า-ออก'!$I:$I,"<="&สรุป!$G$2)-SUMIFS('บันทึกของเข้า-ออก'!$E:$E,'บันทึกของเข้า-ออก'!$B:$B,สรุป!$C39,'บันทึกของเข้า-ออก'!$F:$F,สรุป!R$5,'บันทึกของเข้า-ออก'!$D:$D,">="&สรุป!$F$2,'บันทึกของเข้า-ออก'!$D:$D,"<="&สรุป!$G$2) -> 0 | V39: =C39 -> เหล็กแป๊บกลม 1.5 น.ยาว 2.50-3 ม. | Y39: 0 | Z39: 0 | AA39: 0 | AB39: 0 | AC39: 0 | AD39: 0 | AE39: 0 | AF39: 0 | AG39: 0 | AH39: 0 | AI39: 0 | AJ39: 0 | AK39: 0
B40: เหล็กรูปพรรณ | C40: เหล็กแป๊บกลม 2น.ยาว 2 ม. | D40: =SUMIF(F40:T40,">0") -> 0 | E40: เส้น | F40: =Y40+SUMIFS('บันทึกของเข้า-ออก'!$J:$J,'บันทึกของเข้า-ออก'!$B:$B,สรุป!$C40,'บันทึกของเข้า-ออก'!$L:$L,สรุป!F$5,'บันทึกของเข้า-ออก'!$I:$I,">="&สรุป!$F$2,'บันทึกของเข้า-ออก'!$I:$I,"<="&สรุป!$G$2)-SUMIFS('บันทึกของเข้า-ออก'!$E:$E,'บันทึกของเข้า-ออก'!$B:$B,สรุป!$C40,'บันทึกของเข้า-ออก'!$F:$F,สรุป!F$5,'บันทึกของเข้า-ออก'!$D:$D,">="&สรุป!$F$2,'บันทึกของเข้า-ออก'!$D:$D,"<="&สรุป!$G$2) -> 0 | G40: =Z40+SUMIFS('บันทึกของเข้า-ออก'!$J:$J,'บันทึกของเข้า-ออก'!$B:$B,สรุป!$C40,'บันทึกของเข้า-ออก'!$L:$L,สรุป!G$5,'บันทึกของเข้า-ออก'!$I:$I,">="&สรุป!$F$2,'บันทึกของเข้า-ออก'!$I:$I,"<="&สรุป!$G$2)-SUMIFS('บันทึกของเข้า-ออก'!$E:$E,'บันทึกของเข้า-ออก'!$B:$B,สรุป!$C40,'บันทึกของเข้า-ออก'!$F:$F,สรุป!G$5,'บันทึกของเข้า-ออก'!$D:$D,">="&สรุป!$F$2,'บันทึกของเข้า-ออก'!$D:$D,"<="&สรุป!$G$2) -> 0 | H40: =AA40+SUMIFS('บันทึกของเข้า-ออก'!$J:$J,'บันทึกของเข้า-ออก'!$B:$B,สรุป!$C40,'บันทึกของเข้า-ออก'!$L:$L,สรุป!H$5,'บันทึกของเข้า-ออก'!$I:$I,">="&สรุป!$F$2,'บันทึกของเข้า-ออก'!$I:$I,"<="&สรุป!$G$2)-SUMIFS('บันทึกของเข้า-ออก'!$E:$E,'บันทึกของเข้า-ออก'!$B:$B,สรุป!$C40,'บันทึกของเข้า-ออก'!$F:$F,สรุป!H$5,'บันทึกของเข้า-ออก'!$D:$D,">="&สรุป!$F$2,'บันทึกของเข้า-ออก'!$D:$D,"<="&สรุป!$G$2) -> 0 | I40: =AB40+SUMIFS('บันทึกของเข้า-ออก'!$J:$J,'บันทึกของเข้า-ออก'!$B:$B,สรุป!$C40,'บันทึกของเข้า-ออก'!$L:$L,สรุป!I$5,'บันทึกของเข้า-ออก'!$I:$I,">="&สรุป!$F$2,'บันทึกของเข้า-ออก'!$I:$I,"<="&สรุป!$G$2)-SUMIFS('บันทึกของเข้า-ออก'!$E:$E,'บันทึกของเข้า-ออก'!$B:$B,สรุป!$C40,'บันทึกของเข้า-ออก'!$F:$F,สรุป!I$5,'บันทึกของเข้า-ออก'!$D:$D,">="&สรุป!$F$2,'บันทึกของเข้า-ออก'!$D:$D,"<="&สรุป!$G$2) -> 0 | J40: =AC40+SUMIFS('บันทึกของเข้า-ออก'!$J:$J,'บันทึกของเข้า-ออก'!$B:$B,สรุป!$C40,'บันทึกของเข้า-ออก'!$L:$L,สรุป!J$5,'บันทึกของเข้า-ออก'!$I:$I,">="&สรุป!$F$2,'บันทึกของเข้า-ออก'!$I:$I,"<="&สรุป!$G$2)-SUMIFS('บันทึกของเข้า-ออก'!$E:$E,'บันทึกของเข้า-ออก'!$B:$B,สรุป!$C40,'บันทึกของเข้า-ออก'!$F:$F,สรุป!J$5,'บันทึกของเข้า-ออก'!$D:$D,">="&สรุป!$F$2,'บันทึกของเข้า-ออก'!$D:$D,"<="&สรุป!$G$2) -> 0 | K40: =AD40+SUMIFS('บันทึกของเข้า-ออก'!$J:$J,'บันทึกของเข้า-ออก'!$B:$B,สรุป!$C40,'บันทึกของเข้า-ออก'!$L:$L,สรุป!K$5,'บันทึกของเข้า-ออก'!$I:$I,">="&สรุป!$F$2,'บันทึกของเข้า-ออก'!$I:$I,"<="&สรุป!$G$2)-SUMIFS('บันทึกของเข้า-ออก'!$E:$E,'บันทึกของเข้า-ออก'!$B:$B,สรุป!$C40,'บันทึกของเข้า-ออก'!$F:$F,สรุป!K$5,'บันทึกของเข้า-ออก'!$D:$D,">="&สรุป!$F$2,'บันทึกของเข้า-ออก'!$D:$D,"<="&สรุป!$G$2) -> 0 | L40: =AE40+SUMIFS('บันทึกของเข้า-ออก'!$J:$J,'บันทึกของเข้า-ออก'!$B:$B,สรุป!$C40,'บันทึกของเข้า-ออก'!$L:$L,สรุป!L$5,'บันทึกของเข้า-ออก'!$I:$I,">="&สรุป!$F$2,'บันทึกของเข้า-ออก'!$I:$I,"<="&สรุป!$G$2)-SUMIFS('บันทึกของเข้า-ออก'!$E:$E,'บันทึกของเข้า-ออก'!$B:$B,สรุป!$C40,'บันทึกของเข้า-ออก'!$F:$F,สรุป!L$5,'บันทึกของเข้า-ออก'!$D:$D,">="&สรุป!$F$2,'บันทึกของเข้า-ออก'!$D:$D,"<="&สรุป!$G$2) -> 0 | M40: =AF40+SUMIFS('บันทึกของเข้า-ออก'!$J:$J,'บันทึกของเข้า-ออก'!$B:$B,สรุป!$C40,'บันทึกของเข้า-ออก'!$L:$L,สรุป!M$5,'บันทึกของเข้า-ออก'!$I:$I,">="&สรุป!$F$2,'บันทึกของเข้า-ออก'!$I:$I,"<="&สรุป!$G$2)-SUMIFS('บันทึกของเข้า-ออก'!$E:$E,'บันทึกของเข้า-ออก'!$B:$B,สรุป!$C40,'บันทึกของเข้า-ออก'!$F:$F,สรุป!M$5,'บันทึกของเข้า-ออก'!$D:$D,">="&สรุป!$F$2,'บันทึกของเข้า-ออก'!$D:$D,"<="&สรุป!$G$2) -> 0 | ... R40: =AK40+SUMIFS('บันทึกของเข้า-ออก'!$J:$J,'บันทึกของเข้า-ออก'!$B:$B,สรุป!$C40,'บันทึกของเข้า-ออก'!$L:$L,สรุป!R$5,'บันทึกของเข้า-ออก'!$I:$I,">="&สรุป!$F$2,'บันทึกของเข้า-ออก'!$I:$I,"<="&สรุป!$G$2)-SUMIFS('บันทึกของเข้า-ออก'!$E:$E,'บันทึกของเข้า-ออก'!$B:$B,สรุป!$C40,'บันทึกของเข้า-ออก'!$F:$F,สรุป!R$5,'บันทึกของเข้า-ออก'!$D:$D,">="&สรุป!$F$2,'บันทึกของเข้า-ออก'!$D:$D,"<="&สรุป!$G$2) -> 0 | V40: เหล็กแป๊บกลม 2น.ยาว 2 ม. | X40: เส้น | Y40: 0 | Z40: 0 | AA40: 0 | AB40: 0 | AC40: 0 | AD40: 0 | AE40: 0 | AF40: 0 | AG40: 0 | AH40: 0 | AI40: 0 | AJ40: 0 | AK40: 0
B41: เหล็กรูปพรรณ | C41: เหล็กแป๊บกลม 2น.ยาว 6 ม. | D41: =SUMIF(F41:T41,">0") -> 3 | E41: เส้น | F41: =Y41+SUMIFS('บันทึกของเข้า-ออก'!$J:$J,'บันทึกของเข้า-ออก'!$B:$B,สรุป!$C41,'บันทึกของเข้า-ออก'!$L:$L,สรุป!F$5,'บันทึกของเข้า-ออก'!$I:$I,">="&สรุป!$F$2,'บันทึกของเข้า-ออก'!$I:$I,"<="&สรุป!$G$2)-SUMIFS('บันทึกของเข้า-ออก'!$E:$E,'บันทึกของเข้า-ออก'!$B:$B,สรุป!$C41,'บันทึกของเข้า-ออก'!$F:$F,สรุป!F$5,'บันทึกของเข้า-ออก'!$D:$D,">="&สรุป!$F$2,'บันทึกของเข้า-ออก'!$D:$D,"<="&สรุป!$G$2) -> 0 | G41: =Z41+SUMIFS('บันทึกของเข้า-ออก'!$J:$J,'บันทึกของเข้า-ออก'!$B:$B,สรุป!$C41,'บันทึกของเข้า-ออก'!$L:$L,สรุป!G$5,'บันทึกของเข้า-ออก'!$I:$I,">="&สรุป!$F$2,'บันทึกของเข้า-ออก'!$I:$I,"<="&สรุป!$G$2)-SUMIFS('บันทึกของเข้า-ออก'!$E:$E,'บันทึกของเข้า-ออก'!$B:$B,สรุป!$C41,'บันทึกของเข้า-ออก'!$F:$F,สรุป!G$5,'บันทึกของเข้า-ออก'!$D:$D,">="&สรุป!$F$2,'บันทึกของเข้า-ออก'!$D:$D,"<="&สรุป!$G$2) -> 0 | H41: =AA41+SUMIFS('บันทึกของเข้า-ออก'!$J:$J,'บันทึกของเข้า-ออก'!$B:$B,สรุป!$C41,'บันทึกของเข้า-ออก'!$L:$L,สรุป!H$5,'บันทึกของเข้า-ออก'!$I:$I,">="&สรุป!$F$2,'บันทึกของเข้า-ออก'!$I:$I,"<="&สรุป!$G$2)-SUMIFS('บันทึกของเข้า-ออก'!$E:$E,'บันทึกของเข้า-ออก'!$B:$B,สรุป!$C41,'บันทึกของเข้า-ออก'!$F:$F,สรุป!H$5,'บันทึกของเข้า-ออก'!$D:$D,">="&สรุป!$F$2,'บันทึกของเข้า-ออก'!$D:$D,"<="&สรุป!$G$2) -> 0 | I41: =AB41+SUMIFS('บันทึกของเข้า-ออก'!$J:$J,'บันทึกของเข้า-ออก'!$B:$B,สรุป!$C41,'บันทึกของเข้า-ออก'!$L:$L,สรุป!I$5,'บันทึกของเข้า-ออก'!$I:$I,">="&สรุป!$F$2,'บันทึกของเข้า-ออก'!$I:$I,"<="&สรุป!$G$2)-SUMIFS('บันทึกของเข้า-ออก'!$E:$E,'บันทึกของเข้า-ออก'!$B:$B,สรุป!$C41,'บันทึกของเข้า-ออก'!$F:$F,สรุป!I$5,'บันทึกของเข้า-ออก'!$D:$D,">="&สรุป!$F$2,'บันทึกของเข้า-ออก'!$D:$D,"<="&สรุป!$G$2) -> 3 | J41: =AC41+SUMIFS('บันทึกของเข้า-ออก'!$J:$J,'บันทึกของเข้า-ออก'!$B:$B,สรุป!$C41,'บันทึกของเข้า-ออก'!$L:$L,สรุป!J$5,'บันทึกของเข้า-ออก'!$I:$I,">="&สรุป!$F$2,'บันทึกของเข้า-ออก'!$I:$I,"<="&สรุป!$G$2)-SUMIFS('บันทึกของเข้า-ออก'!$E:$E,'บันทึกของเข้า-ออก'!$B:$B,สรุป!$C41,'บันทึกของเข้า-ออก'!$F:$F,สรุป!J$5,'บันทึกของเข้า-ออก'!$D:$D,">="&สรุป!$F$2,'บันทึกของเข้า-ออก'!$D:$D,"<="&สรุป!$G$2) -> 0 | K41: =AD41+SUMIFS('บันทึกของเข้า-ออก'!$J:$J,'บันทึกของเข้า-ออก'!$B:$B,สรุป!$C41,'บันทึกของเข้า-ออก'!$L:$L,สรุป!K$5,'บันทึกของเข้า-ออก'!$I:$I,">="&สรุป!$F$2,'บันทึกของเข้า-ออก'!$I:$I,"<="&สรุป!$G$2)-SUMIFS('บันทึกของเข้า-ออก'!$E:$E,'บันทึกของเข้า-ออก'!$B:$B,สรุป!$C41,'บันทึกของเข้า-ออก'!$F:$F,สรุป!K$5,'บันทึกของเข้า-ออก'!$D:$D,">="&สรุป!$F$2,'บันทึกของเข้า-ออก'!$D:$D,"<="&สรุป!$G$2) -> 0 | L41: =AE41+SUMIFS('บันทึกของเข้า-ออก'!$J:$J,'บันทึกของเข้า-ออก'!$B:$B,สรุป!$C41,'บันทึกของเข้า-ออก'!$L:$L,สรุป!L$5,'บันทึกของเข้า-ออก'!$I:$I,">="&สรุป!$F$2,'บันทึกของเข้า-ออก'!$I:$I,"<="&สรุป!$G$2)-SUMIFS('บันทึกของเข้า-ออก'!$E:$E,'บันทึกของเข้า-ออก'!$B:$B,สรุป!$C41,'บันทึกของเข้า-ออก'!$F:$F,สรุป!L$5,'บันทึกของเข้า-ออก'!$D:$D,">="&สรุป!$F$2,'บันทึกของเข้า-ออก'!$D:$D,"<="&สรุป!$G$2) -> 0 | M41: =AF41+SUMIFS('บันทึกของเข้า-ออก'!$J:$J,'บันทึกของเข้า-ออก'!$B:$B,สรุป!$C41,'บันทึกของเข้า-ออก'!$L:$L,สรุป!M$5,'บันทึกของเข้า-ออก'!$I:$I,">="&สรุป!$F$2,'บันทึกของเข้า-ออก'!$I:$I,"<="&สรุป!$G$2)-SUMIFS('บันทึกของเข้า-ออก'!$E:$E,'บันทึกของเข้า-ออก'!$B:$B,สรุป!$C41,'บันทึกของเข้า-ออก'!$F:$F,สรุป!M$5,'บันทึกของเข้า-ออก'!$D:$D,">="&สรุป!$F$2,'บันทึกของเข้า-ออก'!$D:$D,"<="&สรุป!$G$2) -> 0 | ... R41: =AK41+SUMIFS('บันทึกของเข้า-ออก'!$J:$J,'บันทึกของเข้า-ออก'!$B:$B,สรุป!$C41,'บันทึกของเข้า-ออก'!$L:$L,สรุป!R$5,'บันทึกของเข้า-ออก'!$I:$I,">="&สรุป!$F$2,'บันทึกของเข้า-ออก'!$I:$I,"<="&สรุป!$G$2)-SUMIFS('บันทึกของเข้า-ออก'!$E:$E,'บันทึกของเข้า-ออก'!$B:$B,สรุป!$C41,'บันทึกของเข้า-ออก'!$F:$F,สรุป!R$5,'บันทึกของเข้า-ออก'!$D:$D,">="&สรุป!$F$2,'บันทึกของเข้า-ออก'!$D:$D,"<="&สรุป!$G$2) -> 0 | V41: =C41 -> เหล็กแป๊บกลม 2น.ยาว 6 ม. | W41: 3 | X41: เส้น | Y41: 0 | Z41: 0 | AA41: 0 | AB41: 3 | AC41: 0 | AD41: 0 | AE41: 0 | AF41: 0 | AG41: 0 | AH41: 0 | AI41: 0 | AJ41: 0 | AK41: 0
B42: เหล็กรูปพรรณ | C42: เหล็กแป๊บกลม 5" ยาว 6 ม. | D42: =SUMIF(F42:T42,">0") -> 12 | E42: เส้น | F42: =Y42+SUMIFS('บันทึกของเข้า-ออก'!$J:$J,'บันทึกของเข้า-ออก'!$B:$B,สรุป!$C42,'บันทึกของเข้า-ออก'!$L:$L,สรุป!F$5,'บันทึกของเข้า-ออก'!$I:$I,">="&สรุป!$F$2,'บันทึกของเข้า-ออก'!$I:$I,"<="&สรุป!$G$2)-SUMIFS('บันทึกของเข้า-ออก'!$E:$E,'บันทึกของเข้า-ออก'!$B:$B,สรุป!$C42,'บันทึกของเข้า-ออก'!$F:$F,สรุป!F$5,'บันทึกของเข้า-ออก'!$D:$D,">="&สรุป!$F$2,'บันทึกของเข้า-ออก'!$D:$D,"<="&สรุป!$G$2) -> 0 | G42: =Z42+SUMIFS('บันทึกของเข้า-ออก'!$J:$J,'บันทึกของเข้า-ออก'!$B:$B,สรุป!$C42,'บันทึกของเข้า-ออก'!$L:$L,สรุป!G$5,'บันทึกของเข้า-ออก'!$I:$I,">="&สรุป!$F$2,'บันทึกของเข้า-ออก'!$I:$I,"<="&สรุป!$G$2)-SUMIFS('บันทึกของเข้า-ออก'!$E:$E,'บันทึกของเข้า-ออก'!$B:$B,สรุป!$C42,'บันทึกของเข้า-ออก'!$F:$F,สรุป!G$5,'บันทึกของเข้า-ออก'!$D:$D,">="&สรุป!$F$2,'บันทึกของเข้า-ออก'!$D:$D,"<="&สรุป!$G$2) -> 0 | H42: =AA42+SUMIFS('บันทึกของเข้า-ออก'!$J:$J,'บันทึกของเข้า-ออก'!$B:$B,สรุป!$C42,'บันทึกของเข้า-ออก'!$L:$L,สรุป!H$5,'บันทึกของเข้า-ออก'!$I:$I,">="&สรุป!$F$2,'บันทึกของเข้า-ออก'!$I:$I,"<="&สรุป!$G$2)-SUMIFS('บันทึกของเข้า-ออก'!$E:$E,'บันทึกของเข้า-ออก'!$B:$B,สรุป!$C42,'บันทึกของเข้า-ออก'!$F:$F,สรุป!H$5,'บันทึกของเข้า-ออก'!$D:$D,">="&สรุป!$F$2,'บันทึกของเข้า-ออก'!$D:$D,"<="&สรุป!$G$2) -> 0 | I42: =AB42+SUMIFS('บันทึกของเข้า-ออก'!$J:$J,'บันทึกของเข้า-ออก'!$B:$B,สรุป!$C42,'บันทึกของเข้า-ออก'!$L:$L,สรุป!I$5,'บันทึกของเข้า-ออก'!$I:$I,">="&สรุป!$F$2,'บันทึกของเข้า-ออก'!$I:$I,"<="&สรุป!$G$2)-SUMIFS('บันทึกของเข้า-ออก'!$E:$E,'บันทึกของเข้า-ออก'!$B:$B,สรุป!$C42,'บันทึกของเข้า-ออก'!$F:$F,สรุป!I$5,'บันทึกของเข้า-ออก'!$D:$D,">="&สรุป!$F$2,'บันทึกของเข้า-ออก'!$D:$D,"<="&สรุป!$G$2) -> 12 | J42: =AC42+SUMIFS('บันทึกของเข้า-ออก'!$J:$J,'บันทึกของเข้า-ออก'!$B:$B,สรุป!$C42,'บันทึกของเข้า-ออก'!$L:$L,สรุป!J$5,'บันทึกของเข้า-ออก'!$I:$I,">="&สรุป!$F$2,'บันทึกของเข้า-ออก'!$I:$I,"<="&สรุป!$G$2)-SUMIFS('บันทึกของเข้า-ออก'!$E:$E,'บันทึกของเข้า-ออก'!$B:$B,สรุป!$C42,'บันทึกของเข้า-ออก'!$F:$F,สรุป!J$5,'บันทึกของเข้า-ออก'!$D:$D,">="&สรุป!$F$2,'บันทึกของเข้า-ออก'!$D:$D,"<="&สรุป!$G$2) -> 0 | K42: =AD42+SUMIFS('บันทึกของเข้า-ออก'!$J:$J,'บันทึกของเข้า-ออก'!$B:$B,สรุป!$C42,'บันทึกของเข้า-ออก'!$L:$L,สรุป!K$5,'บันทึกของเข้า-ออก'!$I:$I,">="&สรุป!$F$2,'บันทึกของเข้า-ออก'!$I:$I,"<="&สรุป!$G$2)-SUMIFS('บันทึกของเข้า-ออก'!$E:$E,'บันทึกของเข้า-ออก'!$B:$B,สรุป!$C42,'บันทึกของเข้า-ออก'!$F:$F,สรุป!K$5,'บันทึกของเข้า-ออก'!$D:$D,">="&สรุป!$F$2,'บันทึกของเข้า-ออก'!$D:$D,"<="&สรุป!$G$2) -> 0 | L42: =AE42+SUMIFS('บันทึกของเข้า-ออก'!$J:$J,'บันทึกของเข้า-ออก'!$B:$B,สรุป!$C42,'บันทึกของเข้า-ออก'!$L:$L,สรุป!L$5,'บันทึกของเข้า-ออก'!$I:$I,">="&สรุป!$F$2,'บันทึกของเข้า-ออก'!$I:$I,"<="&สรุป!$G$2)-SUMIFS('บันทึกของเข้า-ออก'!$E:$E,'บันทึกของเข้า-ออก'!$B:$B,สรุป!$C42,'บันทึกของเข้า-ออก'!$F:$F,สรุป!L$5,'บันทึกของเข้า-ออก'!$D:$D,">="&สรุป!$F$2,'บันทึกของเข้า-ออก'!$D:$D,"<="&สรุป!$G$2) -> 0 | M42: =AF42+SUMIFS('บันทึกของเข้า-ออก'!$J:$J,'บันทึกของเข้า-ออก'!$B:$B,สรุป!$C42,'บันทึกของเข้า-ออก'!$L:$L,สรุป!M$5,'บันทึกของเข้า-ออก'!$I:$I,">="&สรุป!$F$2,'บันทึกของเข้า-ออก'!$I:$I,"<="&สรุป!$G$2)-SUMIFS('บันทึกของเข้า-ออก'!$E:$E,'บันทึกของเข้า-ออก'!$B:$B,สรุป!$C42,'บันทึกของเข้า-ออก'!$F:$F,สรุป!M$5,'บันทึกของเข้า-ออก'!$D:$D,">="&สรุป!$F$2,'บันทึกของเข้า-ออก'!$D:$D,"<="&สรุป!$G$2) -> 0 | ... R42: =AK42+SUMIFS('บันทึกของเข้า-ออก'!$J:$J,'บันทึกของเข้า-ออก'!$B:$B,สรุป!$C42,'บันทึกของเข้า-ออก'!$L:$L,สรุป!R$5,'บันทึกของเข้า-ออก'!$I:$I,">="&สรุป!$F$2,'บันทึกของเข้า-ออก'!$I:$I,"<="&สรุป!$G$2)-SUMIFS('บันทึกของเข้า-ออก'!$E:$E,'บันทึกของเข้า-ออก'!$B:$B,สรุป!$C42,'บันทึกของเข้า-ออก'!$F:$F,สรุป!R$5,'บันทึกของเข้า-ออก'!$D:$D,">="&สรุป!$F$2,'บันทึกของเข้า-ออก'!$D:$D,"<="&สรุป!$G$2) -> 0 | V42: =C42 -> เหล็กแป๊บกลม 5" ยาว 6 ม. | W42: 12 | X42: เส้น | Y42: 0 | Z42: 0 | AA42: 0 | AB42: 12 | AC42: 0 | AD42: 0 | AE42: 0 | AF42: 0 | AG42: 0 | AH42: 0 | AI42: 0 | AJ42: 0 | AK42: 0
B43: เหล็กรูปพรรณ | C43: เหล็กกล่อง 2"x1" 6.00 เมตร | D43: =SUMIF(F43:T43,">0") -> 0 | E43: เส้น | F43: =Y43+SUMIFS('บันทึกของเข้า-ออก'!$J:$J,'บันทึกของเข้า-ออก'!$B:$B,สรุป!$C43,'บันทึกของเข้า-ออก'!$L:$L,สรุป!F$5,'บันทึกของเข้า-ออก'!$I:$I,">="&สรุป!$F$2,'บันทึกของเข้า-ออก'!$I:$I,"<="&สรุป!$G$2)-SUMIFS('บันทึกของเข้า-ออก'!$E:$E,'บันทึกของเข้า-ออก'!$B:$B,สรุป!$C43,'บันทึกของเข้า-ออก'!$F:$F,สรุป!F$5,'บันทึกของเข้า-ออก'!$D:$D,">="&สรุป!$F$2,'บันทึกของเข้า-ออก'!$D:$D,"<="&สรุป!$G$2) -> 0 | G43: =Z43+SUMIFS('บันทึกของเข้า-ออก'!$J:$J,'บันทึกของเข้า-ออก'!$B:$B,สรุป!$C43,'บันทึกของเข้า-ออก'!$L:$L,สรุป!G$5,'บันทึกของเข้า-ออก'!$I:$I,">="&สรุป!$F$2,'บันทึกของเข้า-ออก'!$I:$I,"<="&สรุป!$G$2)-SUMIFS('บันทึกของเข้า-ออก'!$E:$E,'บันทึกของเข้า-ออก'!$B:$B,สรุป!$C43,'บันทึกของเข้า-ออก'!$F:$F,สรุป!G$5,'บันทึกของเข้า-ออก'!$D:$D,">="&สรุป!$F$2,'บันทึกของเข้า-ออก'!$D:$D,"<="&สรุป!$G$2) -> 0 | H43: =AA43+SUMIFS('บันทึกของเข้า-ออก'!$J:$J,'บันทึกของเข้า-ออก'!$B:$B,สรุป!$C43,'บันทึกของเข้า-ออก'!$L:$L,สรุป!H$5,'บันทึกของเข้า-ออก'!$I:$I,">="&สรุป!$F$2,'บันทึกของเข้า-ออก'!$I:$I,"<="&สรุป!$G$2)-SUMIFS('บันทึกของเข้า-ออก'!$E:$E,'บันทึกของเข้า-ออก'!$B:$B,สรุป!$C43,'บันทึกของเข้า-ออก'!$F:$F,สรุป!H$5,'บันทึกของเข้า-ออก'!$D:$D,">="&สรุป!$F$2,'บันทึกของเข้า-ออก'!$D:$D,"<="&สรุป!$G$2) -> 0 | I43: =AB43+SUMIFS('บันทึกของเข้า-ออก'!$J:$J,'บันทึกของเข้า-ออก'!$B:$B,สรุป!$C43,'บันทึกของเข้า-ออก'!$L:$L,สรุป!I$5,'บันทึกของเข้า-ออก'!$I:$I,">="&สรุป!$F$2,'บันทึกของเข้า-ออก'!$I:$I,"<="&สรุป!$G$2)-SUMIFS('บันทึกของเข้า-ออก'!$E:$E,'บันทึกของเข้า-ออก'!$B:$B,สรุป!$C43,'บันทึกของเข้า-ออก'!$F:$F,สรุป!I$5,'บันทึกของเข้า-ออก'!$D:$D,">="&สรุป!$F$2,'บันทึกของเข้า-ออก'!$D:$D,"<="&สรุป!$G$2) -> 0 | J43: =AC43+SUMIFS('บันทึกของเข้า-ออก'!$J:$J,'บันทึกของเข้า-ออก'!$B:$B,สรุป!$C43,'บันทึกของเข้า-ออก'!$L:$L,สรุป!J$5,'บันทึกของเข้า-ออก'!$I:$I,">="&สรุป!$F$2,'บันทึกของเข้า-ออก'!$I:$I,"<="&สรุป!$G$2)-SUMIFS('บันทึกของเข้า-ออก'!$E:$E,'บันทึกของเข้า-ออก'!$B:$B,สรุป!$C43,'บันทึกของเข้า-ออก'!$F:$F,สรุป!J$5,'บันทึกของเข้า-ออก'!$D:$D,">="&สรุป!$F$2,'บันทึกของเข้า-ออก'!$D:$D,"<="&สรุป!$G$2) -> 0 | K43: =AD43+SUMIFS('บันทึกของเข้า-ออก'!$J:$J,'บันทึกของเข้า-ออก'!$B:$B,สรุป!$C43,'บันทึกของเข้า-ออก'!$L:$L,สรุป!K$5,'บันทึกของเข้า-ออก'!$I:$I,">="&สรุป!$F$2,'บันทึกของเข้า-ออก'!$I:$I,"<="&สรุป!$G$2)-SUMIFS('บันทึกของเข้า-ออก'!$E:$E,'บันทึกของเข้า-ออก'!$B:$B,สรุป!$C43,'บันทึกของเข้า-ออก'!$F:$F,สรุป!K$5,'บันทึกของเข้า-ออก'!$D:$D,">="&สรุป!$F$2,'บันทึกของเข้า-ออก'!$D:$D,"<="&สรุป!$G$2) -> 0 | L43: =AE43+SUMIFS('บันทึกของเข้า-ออก'!$J:$J,'บันทึกของเข้า-ออก'!$B:$B,สรุป!$C43,'บันทึกของเข้า-ออก'!$L:$L,สรุป!L$5,'บันทึกของเข้า-ออก'!$I:$I,">="&สรุป!$F$2,'บันทึกของเข้า-ออก'!$I:$I,"<="&สรุป!$G$2)-SUMIFS('บันทึกของเข้า-ออก'!$E:$E,'บันทึกของเข้า-ออก'!$B:$B,สรุป!$C43,'บันทึกของเข้า-ออก'!$F:$F,สรุป!L$5,'บันทึกของเข้า-ออก'!$D:$D,">="&สรุป!$F$2,'บันทึกของเข้า-ออก'!$D:$D,"<="&สรุป!$G$2) -> 0 | M43: =AF43+SUMIFS('บันทึกของเข้า-ออก'!$J:$J,'บันทึกของเข้า-ออก'!$B:$B,สรุป!$C43,'บันทึกของเข้า-ออก'!$L:$L,สรุป!M$5,'บันทึกของเข้า-ออก'!$I:$I,">="&สรุป!$F$2,'บันทึกของเข้า-ออก'!$I:$I,"<="&สรุป!$G$2)-SUMIFS('บันทึกของเข้า-ออก'!$E:$E,'บันทึกของเข้า-ออก'!$B:$B,สรุป!$C43,'บันทึกของเข้า-ออก'!$F:$F,สรุป!M$5,'บันทึกของเข้า-ออก'!$D:$D,">="&สรุป!$F$2,'บันทึกของเข้า-ออก'!$D:$D,"<="&สรุป!$G$2) -> 0 | ... R43: =AK43+SUMIFS('บันทึกของเข้า-ออก'!$J:$J,'บันทึกของเข้า-ออก'!$B:$B,สรุป!$C43,'บันทึกของเข้า-ออก'!$L:$L,สรุป!R$5,'บันทึกของเข้า-ออก'!$I:$I,">="&สรุป!$F$2,'บันทึกของเข้า-ออก'!$I:$I,"<="&สรุป!$G$2)-SUMIFS('บันทึกของเข้า-ออก'!$E:$E,'บันทึกของเข้า-ออก'!$B:$B,สรุป!$C43,'บันทึกของเข้า-ออก'!$F:$F,สรุป!R$5,'บันทึกของเข้า-ออก'!$D:$D,">="&สรุป!$F$2,'บันทึกของเข้า-ออก'!$D:$D,"<="&สรุป!$G$2) -> 0 | V43: =C43 -> เหล็กกล่อง 2"x1" 6.00 เมตร | X43: เส้น | Y43: 0 | Z43: 0 | AA43: 0 | AB43: 0 | AC43: 0 | AD43: 0 | AE43: 0 | AF43: 0 | AG43: 0 | AH43: 0 | AI43: 0 | AJ43: 0 | AK43: 0
B44: เหล็กรูปพรรณ | C44: เหล็กกล่อง 2"x2" 6.00 เมตร | D44: =SUMIF(F44:T44,">0") -> 554 | E44: เส้น | F44: =Y44+SUMIFS('บันทึกของเข้า-ออก'!$J:$J,'บันทึกของเข้า-ออก'!$B:$B,สรุป!$C44,'บันทึกของเข้า-ออก'!$L:$L,สรุป!F$5,'บันทึกของเข้า-ออก'!$I:$I,">="&สรุป!$F$2,'บันทึกของเข้า-ออก'!$I:$I,"<="&สรุป!$G$2)-SUMIFS('บันทึกของเข้า-ออก'!$E:$E,'บันทึกของเข้า-ออก'!$B:$B,สรุป!$C44,'บันทึกของเข้า-ออก'!$F:$F,สรุป!F$5,'บันทึกของเข้า-ออก'!$D:$D,">="&สรุป!$F$2,'บันทึกของเข้า-ออก'!$D:$D,"<="&สรุป!$G$2) -> 0 | G44: =Z44+SUMIFS('บันทึกของเข้า-ออก'!$J:$J,'บันทึกของเข้า-ออก'!$B:$B,สรุป!$C44,'บันทึกของเข้า-ออก'!$L:$L,สรุป!G$5,'บันทึกของเข้า-ออก'!$I:$I,">="&สรุป!$F$2,'บันทึกของเข้า-ออก'!$I:$I,"<="&สรุป!$G$2)-SUMIFS('บันทึกของเข้า-ออก'!$E:$E,'บันทึกของเข้า-ออก'!$B:$B,สรุป!$C44,'บันทึกของเข้า-ออก'!$F:$F,สรุป!G$5,'บันทึกของเข้า-ออก'!$D:$D,">="&สรุป!$F$2,'บันทึกของเข้า-ออก'!$D:$D,"<="&สรุป!$G$2) -> 0 | H44: =AA44+SUMIFS('บันทึกของเข้า-ออก'!$J:$J,'บันทึกของเข้า-ออก'!$B:$B,สรุป!$C44,'บันทึกของเข้า-ออก'!$L:$L,สรุป!H$5,'บันทึกของเข้า-ออก'!$I:$I,">="&สรุป!$F$2,'บันทึกของเข้า-ออก'!$I:$I,"<="&สรุป!$G$2)-SUMIFS('บันทึกของเข้า-ออก'!$E:$E,'บันทึกของเข้า-ออก'!$B:$B,สรุป!$C44,'บันทึกของเข้า-ออก'!$F:$F,สรุป!H$5,'บันทึกของเข้า-ออก'!$D:$D,">="&สรุป!$F$2,'บันทึกของเข้า-ออก'!$D:$D,"<="&สรุป!$G$2) -> 0 | I44: =AB44+SUMIFS('บันทึกของเข้า-ออก'!$J:$J,'บันทึกของเข้า-ออก'!$B:$B,สรุป!$C44,'บันทึกของเข้า-ออก'!$L:$L,สรุป!I$5,'บันทึกของเข้า-ออก'!$I:$I,">="&สรุป!$F$2,'บันทึกของเข้า-ออก'!$I:$I,"<="&สรุป!$G$2)-SUMIFS('บันทึกของเข้า-ออก'!$E:$E,'บันทึกของเข้า-ออก'!$B:$B,สรุป!$C44,'บันทึกของเข้า-ออก'!$F:$F,สรุป!I$5,'บันทึกของเข้า-ออก'!$D:$D,">="&สรุป!$F$2,'บันทึกของเข้า-ออก'!$D:$D,"<="&สรุป!$G$2) -> 3 | J44: =AC44+SUMIFS('บันทึกของเข้า-ออก'!$J:$J,'บันทึกของเข้า-ออก'!$B:$B,สรุป!$C44,'บันทึกของเข้า-ออก'!$L:$L,สรุป!J$5,'บันทึกของเข้า-ออก'!$I:$I,">="&สรุป!$F$2,'บันทึกของเข้า-ออก'!$I:$I,"<="&สรุป!$G$2)-SUMIFS('บันทึกของเข้า-ออก'!$E:$E,'บันทึกของเข้า-ออก'!$B:$B,สรุป!$C44,'บันทึกของเข้า-ออก'!$F:$F,สรุป!J$5,'บันทึกของเข้า-ออก'!$D:$D,">="&สรุป!$F$2,'บันทึกของเข้า-ออก'!$D:$D,"<="&สรุป!$G$2) -> 12 | K44: =AD44+SUMIFS('บันทึกของเข้า-ออก'!$J:$J,'บันทึกของเข้า-ออก'!$B:$B,สรุป!$C44,'บันทึกของเข้า-ออก'!$L:$L,สรุป!K$5,'บันทึกของเข้า-ออก'!$I:$I,">="&สรุป!$F$2,'บันทึกของเข้า-ออก'!$I:$I,"<="&สรุป!$G$2)-SUMIFS('บันทึกของเข้า-ออก'!$E:$E,'บันทึกของเข้า-ออก'!$B:$B,สรุป!$C44,'บันทึกของเข้า-ออก'!$F:$F,สรุป!K$5,'บันทึกของเข้า-ออก'!$D:$D,">="&สรุป!$F$2,'บันทึกของเข้า-ออก'!$D:$D,"<="&สรุป!$G$2) -> 0 | L44: =AE44+SUMIFS('บันทึกของเข้า-ออก'!$J:$J,'บันทึกของเข้า-ออก'!$B:$B,สรุป!$C44,'บันทึกของเข้า-ออก'!$L:$L,สรุป!L$5,'บันทึกของเข้า-ออก'!$I:$I,">="&สรุป!$F$2,'บันทึกของเข้า-ออก'!$I:$I,"<="&สรุป!$G$2)-SUMIFS('บันทึกของเข้า-ออก'!$E:$E,'บันทึกของเข้า-ออก'!$B:$B,สรุป!$C44,'บันทึกของเข้า-ออก'!$F:$F,สรุป!L$5,'บันทึกของเข้า-ออก'!$D:$D,">="&สรุป!$F$2,'บันทึกของเข้า-ออก'!$D:$D,"<="&สรุป!$G$2) -> 0 | M44: 107 | N44: =AG44+SUMIFS('บันทึกของเข้า-ออก'!$J:$J,'บันทึกของเข้า-ออก'!$B:$B,สรุป!$C44,'บันทึกของเข้า-ออก'!$L:$L,สรุป!N$5,'บันทึกของเข้า-ออก'!$I:$I,">="&สรุป!$F$2,'บันทึกของเข้า-ออก'!$I:$I,"<="&สรุป!$G$2)-SUMIFS('บันทึกของเข้า-ออก'!$E:$E,'บันทึกของเข้า-ออก'!$B:$B,สรุป!$C44,'บันทึกของเข้า-ออก'!$F:$F,สรุป!N$5,'บันทึกของเข้า-ออก'!$D:$D,">="&สรุป!$F$2,'บันทึกของเข้า-ออก'!$D:$D,"<="&สรุป!$G$2) -> 0 | O44: =AH44+SUMIFS('บันทึกของเข้า-ออก'!$J:$J,'บันทึกของเข้า-ออก'!$B:$B,สรุป!$C44,'บันทึกของเข้า-ออก'!$L:$L,สรุป!O$5,'บันทึกของเข้า-ออก'!$I:$I,">="&สรุป!$F$2,'บันทึกของเข้า-ออก'!$I:$I,"<="&สรุป!$G$2)-SUMIFS('บันทึกของเข้า-ออก'!$E:$E,'บันทึกของเข้า-ออก'!$B:$B,สรุป!$C44,'บันทึกของเข้า-ออก'!$F:$F,สรุป!O$5,'บันทึกของเข้า-ออก'!$D:$D,">="&สรุป!$F$2,'บันทึกของเข้า-ออก'!$D:$D,"<="&สรุป!$G$2) -> 432 | P44: =AI44+SUMIFS('บันทึกของเข้า-ออก'!$J:$J,'บันทึกของเข้า-ออก'!$B:$B,สรุป!$C44,'บันทึกของเข้า-ออก'!$L:$L,สรุป!P$5,'บันทึกของเข้า-ออก'!$I:$I,">="&สรุป!$F$2,'บันทึกของเข้า-ออก'!$I:$I,"<="&สรุป!$G$2)-SUMIFS('บันทึกของเข้า-ออก'!$E:$E,'บันทึกของเข้า-ออก'!$B:$B,สรุป!$C44,'บันทึกของเข้า-ออก'!$F:$F,สรุป!P$5,'บันทึกของเข้า-ออก'!$D:$D,">="&สรุป!$F$2,'บันทึกของเข้า-ออก'!$D:$D,"<="&สรุป!$G$2) -> 0 | Q44: =AJ44+SUMIFS('บันทึกของเข้า-ออก'!$J:$J,'บันทึกของเข้า-ออก'!$B:$B,สรุป!$C44,'บันทึกของเข้า-ออก'!$L:$L,สรุป!Q$5,'บันทึกของเข้า-ออก'!$I:$I,">="&สรุป!$F$2,'บันทึกของเข้า-ออก'!$I:$I,"<="&สรุป!$G$2)-SUMIFS('บันทึกของเข้า-ออก'!$E:$E,'บันทึกของเข้า-ออก'!$B:$B,สรุป!$C44,'บันทึกของเข้า-ออก'!$F:$F,สรุป!Q$5,'บันทึกของเข้า-ออก'!$D:$D,">="&สรุป!$F$2,'บันทึกของเข้า-ออก'!$D:$D,"<="&สรุป!$G$2) -> 0 | R44: =AK44+SUMIFS('บันทึกของเข้า-ออก'!$J:$J,'บันทึกของเข้า-ออก'!$B:$B,สรุป!$C44,'บันทึกของเข้า-ออก'!$L:$L,สรุป!R$5,'บันทึกของเข้า-ออก'!$I:$I,">="&สรุป!$F$2,'บันทึกของเข้า-ออก'!$I:$I,"<="&สรุป!$G$2)-SUMIFS('บันทึกของเข้า-ออก'!$E:$E,'บันทึกของเข้า-ออก'!$B:$B,สรุป!$C44,'บันทึกของเข้า-ออก'!$F:$F,สรุป!R$5,'บันทึกของเข้า-ออก'!$D:$D,">="&สรุป!$F$2,'บันทึกของเข้า-ออก'!$D:$D,"<="&สรุป!$G$2) -> 0 | T44: รอเช็คเอกมัย | V44: =C44 -> เหล็กกล่อง 2"x2" 6.00 เมตร | W44: 449 | X44: เส้น | Y44: 0 | Z44: 0 | AA44: 0 | AB44: 3 | AC44: 40 | AD44: 0 | AE44: 0 | AF44: 266 | AG44: 0 | AH44: 140 | AI44: 0 | AJ44: 0 | AK44: 0
B45: เหล็กรูปพรรณ | C45: เหล็กกล่อง 2"x2" เศษ 1.00 ม. | D45: =SUMIF(F45:T45,">0") -> 1428 | E45: เส้น | F45: 624 | H45: =AA45+SUMIFS('บันทึกของเข้า-ออก'!$J:$J,'บันทึกของเข้า-ออก'!$B:$B,สรุป!$C45,'บันทึกของเข้า-ออก'!$L:$L,สรุป!H$5,'บันทึกของเข้า-ออก'!$I:$I,">="&สรุป!$F$2,'บันทึกของเข้า-ออก'!$I:$I,"<="&สรุป!$G$2)-SUMIFS('บันทึกของเข้า-ออก'!$E:$E,'บันทึกของเข้า-ออก'!$B:$B,สรุป!$C45,'บันทึกของเข้า-ออก'!$F:$F,สรุป!H$5,'บันทึกของเข้า-ออก'!$D:$D,">="&สรุป!$F$2,'บันทึกของเข้า-ออก'!$D:$D,"<="&สรุป!$G$2) -> 148 | I45: =AB45+SUMIFS('บันทึกของเข้า-ออก'!$J:$J,'บันทึกของเข้า-ออก'!$B:$B,สรุป!$C45,'บันทึกของเข้า-ออก'!$L:$L,สรุป!I$5,'บันทึกของเข้า-ออก'!$I:$I,">="&สรุป!$F$2,'บันทึกของเข้า-ออก'!$I:$I,"<="&สรุป!$G$2)-SUMIFS('บันทึกของเข้า-ออก'!$E:$E,'บันทึกของเข้า-ออก'!$B:$B,สรุป!$C45,'บันทึกของเข้า-ออก'!$F:$F,สรุป!I$5,'บันทึกของเข้า-ออก'!$D:$D,">="&สรุป!$F$2,'บันทึกของเข้า-ออก'!$D:$D,"<="&สรุป!$G$2) -> 0 | J45: =AC45+SUMIFS('บันทึกของเข้า-ออก'!$J:$J,'บันทึกของเข้า-ออก'!$B:$B,สรุป!$C45,'บันทึกของเข้า-ออก'!$L:$L,สรุป!J$5,'บันทึกของเข้า-ออก'!$I:$I,">="&สรุป!$F$2,'บันทึกของเข้า-ออก'!$I:$I,"<="&สรุป!$G$2)-SUMIFS('บันทึกของเข้า-ออก'!$E:$E,'บันทึกของเข้า-ออก'!$B:$B,สรุป!$C45,'บันทึกของเข้า-ออก'!$F:$F,สรุป!J$5,'บันทึกของเข้า-ออก'!$D:$D,">="&สรุป!$F$2,'บันทึกของเข้า-ออก'!$D:$D,"<="&สรุป!$G$2) -> -48 | K45: =AD45+SUMIFS('บันทึกของเข้า-ออก'!$J:$J,'บันทึกของเข้า-ออก'!$B:$B,สรุป!$C45,'บันทึกของเข้า-ออก'!$L:$L,สรุป!K$5,'บันทึกของเข้า-ออก'!$I:$I,">="&สรุป!$F$2,'บันทึกของเข้า-ออก'!$I:$I,"<="&สรุป!$G$2)-SUMIFS('บันทึกของเข้า-ออก'!$E:$E,'บันทึกของเข้า-ออก'!$B:$B,สรุป!$C45,'บันทึกของเข้า-ออก'!$F:$F,สรุป!K$5,'บันทึกของเข้า-ออก'!$D:$D,">="&สรุป!$F$2,'บันทึกของเข้า-ออก'!$D:$D,"<="&สรุป!$G$2) -> 0 | L45: =AE45+SUMIFS('บันทึกของเข้า-ออก'!$J:$J,'บันทึกของเข้า-ออก'!$B:$B,สรุป!$C45,'บันทึกของเข้า-ออก'!$L:$L,สรุป!L$5,'บันทึกของเข้า-ออก'!$I:$I,">="&สรุป!$F$2,'บันทึกของเข้า-ออก'!$I:$I,"<="&สรุป!$G$2)-SUMIFS('บันทึกของเข้า-ออก'!$E:$E,'บันทึกของเข้า-ออก'!$B:$B,สรุป!$C45,'บันทึกของเข้า-ออก'!$F:$F,สรุป!L$5,'บันทึกของเข้า-ออก'!$D:$D,">="&สรุป!$F$2,'บันทึกของเข้า-ออก'!$D:$D,"<="&สรุป!$G$2) -> 0 | M45: =AF45+SUMIFS('บันทึกของเข้า-ออก'!$J:$J,'บันทึกของเข้า-ออก'!$B:$B,สรุป!$C45,'บันทึกของเข้า-ออก'!$L:$L,สรุป!M$5,'บันทึกของเข้า-ออก'!$I:$I,">="&สรุป!$F$2,'บันทึกของเข้า-ออก'!$I:$I,"<="&สรุป!$G$2)-SUMIFS('บันทึกของเข้า-ออก'!$E:$E,'บันทึกของเข้า-ออก'!$B:$B,สรุป!$C45,'บันทึกของเข้า-ออก'!$F:$F,สรุป!M$5,'บันทึกของเข้า-ออก'!$D:$D,">="&สรุป!$F$2,'บันทึกของเข้า-ออก'!$D:$D,"<="&สรุป!$G$2) -> 70 | N45: =AG45+SUMIFS('บันทึกของเข้า-ออก'!$J:$J,'บันทึกของเข้า-ออก'!$B:$B,สรุป!$C45,'บันทึกของเข้า-ออก'!$L:$L,สรุป!N$5,'บันทึกของเข้า-ออก'!$I:$I,">="&สรุป!$F$2,'บันทึกของเข้า-ออก'!$I:$I,"<="&สรุป!$G$2)-SUMIFS('บันทึกของเข้า-ออก'!$E:$E,'บันทึกของเข้า-ออก'!$B:$B,สรุป!$C45,'บันทึกของเข้า-ออก'!$F:$F,สรุป!N$5,'บันทึกของเข้า-ออก'!$D:$D,">="&สรุป!$F$2,'บันทึกของเข้า-ออก'!$D:$D,"<="&สรุป!$G$2) -> 228 | O45: =AH45+SUMIFS('บันทึกของเข้า-ออก'!$J:$J,'บันทึกของเข้า-ออก'!$B:$B,สรุป!$C45,'บันทึกของเข้า-ออก'!$L:$L,สรุป!O$5,'บันทึกของเข้า-ออก'!$I:$I,">="&สรุป!$F$2,'บันทึกของเข้า-ออก'!$I:$I,"<="&สรุป!$G$2)-SUMIFS('บันทึกของเข้า-ออก'!$E:$E,'บันทึกของเข้า-ออก'!$B:$B,สรุป!$C45,'บันทึกของเข้า-ออก'!$F:$F,สรุป!O$5,'บันทึกของเข้า-ออก'!$D:$D,">="&สรุป!$F$2,'บันทึกของเข้า-ออก'!$D:$D,"<="&สรุป!$G$2) -> 358 | ... R45: =AK45+SUMIFS('บันทึกของเข้า-ออก'!$J:$J,'บันทึกของเข้า-ออก'!$B:$B,สรุป!$C45,'บันทึกของเข้า-ออก'!$L:$L,สรุป!R$5,'บันทึกของเข้า-ออก'!$I:$I,">="&สรุป!$F$2,'บันทึกของเข้า-ออก'!$I:$I,"<="&สรุป!$G$2)-SUMIFS('บันทึกของเข้า-ออก'!$E:$E,'บันทึกของเข้า-ออก'!$B:$B,สรุป!$C45,'บันทึกของเข้า-ออก'!$F:$F,สรุป!R$5,'บันทึกของเข้า-ออก'!$D:$D,">="&สรุป!$F$2,'บันทึกของเข้า-ออก'!$D:$D,"<="&สรุป!$G$2) -> 0 | V45: =C45 -> เหล็กกล่อง 2"x2" เศษ 1.00 ม. | W45: 1553 | X45: เส้น | Y45: 0 | Z45: 624 | AA45: 148 | AB45: 0 | AC45: 68 | AD45: 0 | AE45: 0 | AF45: 70 | AG45: 388 | AH45: 255 | AI45: 0 | AJ45: 0 | AK45: 0
B46: เหล็กรูปพรรณ | C46: เหล็กกล่อง 2"x2" เศษ 1.50 ม. | D46: =SUMIF(F46:T46,">0") -> 21 | E46: เส้น | F46: =Y46+SUMIFS('บันทึกของเข้า-ออก'!$J:$J,'บันทึกของเข้า-ออก'!$B:$B,สรุป!$C46,'บันทึกของเข้า-ออก'!$L:$L,สรุป!F$5,'บันทึกของเข้า-ออก'!$I:$I,">="&สรุป!$F$2,'บันทึกของเข้า-ออก'!$I:$I,"<="&สรุป!$G$2)-SUMIFS('บันทึกของเข้า-ออก'!$E:$E,'บันทึกของเข้า-ออก'!$B:$B,สรุป!$C46,'บันทึกของเข้า-ออก'!$F:$F,สรุป!F$5,'บันทึกของเข้า-ออก'!$D:$D,">="&สรุป!$F$2,'บันทึกของเข้า-ออก'!$D:$D,"<="&สรุป!$G$2) -> 0 | G46: =Z46+SUMIFS('บันทึกของเข้า-ออก'!$J:$J,'บันทึกของเข้า-ออก'!$B:$B,สรุป!$C46,'บันทึกของเข้า-ออก'!$L:$L,สรุป!G$5,'บันทึกของเข้า-ออก'!$I:$I,">="&สรุป!$F$2,'บันทึกของเข้า-ออก'!$I:$I,"<="&สรุป!$G$2)-SUMIFS('บันทึกของเข้า-ออก'!$E:$E,'บันทึกของเข้า-ออก'!$B:$B,สรุป!$C46,'บันทึกของเข้า-ออก'!$F:$F,สรุป!G$5,'บันทึกของเข้า-ออก'!$D:$D,">="&สรุป!$F$2,'บันทึกของเข้า-ออก'!$D:$D,"<="&สรุป!$G$2) -> 0 | H46: =AA46+SUMIFS('บันทึกของเข้า-ออก'!$J:$J,'บันทึกของเข้า-ออก'!$B:$B,สรุป!$C46,'บันทึกของเข้า-ออก'!$L:$L,สรุป!H$5,'บันทึกของเข้า-ออก'!$I:$I,">="&สรุป!$F$2,'บันทึกของเข้า-ออก'!$I:$I,"<="&สรุป!$G$2)-SUMIFS('บันทึกของเข้า-ออก'!$E:$E,'บันทึกของเข้า-ออก'!$B:$B,สรุป!$C46,'บันทึกของเข้า-ออก'!$F:$F,สรุป!H$5,'บันทึกของเข้า-ออก'!$D:$D,">="&สรุป!$F$2,'บันทึกของเข้า-ออก'!$D:$D,"<="&สรุป!$G$2) -> 0 | I46: =AB46+SUMIFS('บันทึกของเข้า-ออก'!$J:$J,'บันทึกของเข้า-ออก'!$B:$B,สรุป!$C46,'บันทึกของเข้า-ออก'!$L:$L,สรุป!I$5,'บันทึกของเข้า-ออก'!$I:$I,">="&สรุป!$F$2,'บันทึกของเข้า-ออก'!$I:$I,"<="&สรุป!$G$2)-SUMIFS('บันทึกของเข้า-ออก'!$E:$E,'บันทึกของเข้า-ออก'!$B:$B,สรุป!$C46,'บันทึกของเข้า-ออก'!$F:$F,สรุป!I$5,'บันทึกของเข้า-ออก'!$D:$D,">="&สรุป!$F$2,'บันทึกของเข้า-ออก'!$D:$D,"<="&สรุป!$G$2) -> 21 | J46: =AC46+SUMIFS('บันทึกของเข้า-ออก'!$J:$J,'บันทึกของเข้า-ออก'!$B:$B,สรุป!$C46,'บันทึกของเข้า-ออก'!$L:$L,สรุป!J$5,'บันทึกของเข้า-ออก'!$I:$I,">="&สรุป!$F$2,'บันทึกของเข้า-ออก'!$I:$I,"<="&สรุป!$G$2)-SUMIFS('บันทึกของเข้า-ออก'!$E:$E,'บันทึกของเข้า-ออก'!$B:$B,สรุป!$C46,'บันทึกของเข้า-ออก'!$F:$F,สรุป!J$5,'บันทึกของเข้า-ออก'!$D:$D,">="&สรุป!$F$2,'บันทึกของเข้า-ออก'!$D:$D,"<="&สรุป!$G$2) -> 0 | K46: =AD46+SUMIFS('บันทึกของเข้า-ออก'!$J:$J,'บันทึกของเข้า-ออก'!$B:$B,สรุป!$C46,'บันทึกของเข้า-ออก'!$L:$L,สรุป!K$5,'บันทึกของเข้า-ออก'!$I:$I,">="&สรุป!$F$2,'บันทึกของเข้า-ออก'!$I:$I,"<="&สรุป!$G$2)-SUMIFS('บันทึกของเข้า-ออก'!$E:$E,'บันทึกของเข้า-ออก'!$B:$B,สรุป!$C46,'บันทึกของเข้า-ออก'!$F:$F,สรุป!K$5,'บันทึกของเข้า-ออก'!$D:$D,">="&สรุป!$F$2,'บันทึกของเข้า-ออก'!$D:$D,"<="&สรุป!$G$2) -> 0 | L46: =AE46+SUMIFS('บันทึกของเข้า-ออก'!$J:$J,'บันทึกของเข้า-ออก'!$B:$B,สรุป!$C46,'บันทึกของเข้า-ออก'!$L:$L,สรุป!L$5,'บันทึกของเข้า-ออก'!$I:$I,">="&สรุป!$F$2,'บันทึกของเข้า-ออก'!$I:$I,"<="&สรุป!$G$2)-SUMIFS('บันทึกของเข้า-ออก'!$E:$E,'บันทึกของเข้า-ออก'!$B:$B,สรุป!$C46,'บันทึกของเข้า-ออก'!$F:$F,สรุป!L$5,'บันทึกของเข้า-ออก'!$D:$D,">="&สรุป!$F$2,'บันทึกของเข้า-ออก'!$D:$D,"<="&สรุป!$G$2) -> 0 | M46: =AF46+SUMIFS('บันทึกของเข้า-ออก'!$J:$J,'บันทึกของเข้า-ออก'!$B:$B,สรุป!$C46,'บันทึกของเข้า-ออก'!$L:$L,สรุป!M$5,'บันทึกของเข้า-ออก'!$I:$I,">="&สรุป!$F$2,'บันทึกของเข้า-ออก'!$I:$I,"<="&สรุป!$G$2)-SUMIFS('บันทึกของเข้า-ออก'!$E:$E,'บันทึกของเข้า-ออก'!$B:$B,สรุป!$C46,'บันทึกของเข้า-ออก'!$F:$F,สรุป!M$5,'บันทึกของเข้า-ออก'!$D:$D,">="&สรุป!$F$2,'บันทึกของเข้า-ออก'!$D:$D,"<="&สรุป!$G$2) -> 0 | O46: =AH46+SUMIFS('บันทึกของเข้า-ออก'!$J:$J,'บันทึกของเข้า-ออก'!$B:$B,สรุป!$C46,'บันทึกของเข้า-ออก'!$L:$L,สรุป!O$5,'บันทึกของเข้า-ออก'!$I:$I,">="&สรุป!$F$2,'บันทึกของเข้า-ออก'!$I:$I,"<="&สรุป!$G$2)-SUMIFS('บันทึกของเข้า-ออก'!$E:$E,'บันทึกของเข้า-ออก'!$B:$B,สรุป!$C46,'บันทึกของเข้า-ออก'!$F:$F,สรุป!O$5,'บันทึกของเข้า-ออก'!$D:$D,">="&สรุป!$F$2,'บันทึกของเข้า-ออก'!$D:$D,"<="&สรุป!$G$2) -> 0 | P46: =AI46+SUMIFS('บันทึกของเข้า-ออก'!$J:$J,'บันทึกของเข้า-ออก'!$B:$B,สรุป!$C46,'บันทึกของเข้า-ออก'!$L:$L,สรุป!P$5,'บันทึกของเข้า-ออก'!$I:$I,">="&สรุป!$F$2,'บันทึกของเข้า-ออก'!$I:$I,"<="&สรุป!$G$2)-SUMIFS('บันทึกของเข้า-ออก'!$E:$E,'บันทึกของเข้า-ออก'!$B:$B,สรุป!$C46,'บันทึกของเข้า-ออก'!$F:$F,สรุป!P$5,'บันทึกของเข้า-ออก'!$D:$D,">="&สรุป!$F$2,'บันทึกของเข้า-ออก'!$D:$D,"<="&สรุป!$G$2) -> 0 | Q46: =AJ46+SUMIFS('บันทึกของเข้า-ออก'!$J:$J,'บันทึกของเข้า-ออก'!$B:$B,สรุป!$C46,'บันทึกของเข้า-ออก'!$L:$L,สรุป!Q$5,'บันทึกของเข้า-ออก'!$I:$I,">="&สรุป!$F$2,'บันทึกของเข้า-ออก'!$I:$I,"<="&สรุป!$G$2)-SUMIFS('บันทึกของเข้า-ออก'!$E:$E,'บันทึกของเข้า-ออก'!$B:$B,สรุป!$C46,'บันทึกของเข้า-ออก'!$F:$F,สรุป!Q$5,'บันทึกของเข้า-ออก'!$D:$D,">="&สรุป!$F$2,'บันทึกของเข้า-ออก'!$D:$D,"<="&สรุป!$G$2) -> 0 | R46: =AK46+SUMIFS('บันทึกของเข้า-ออก'!$J:$J,'บันทึกของเข้า-ออก'!$B:$B,สรุป!$C46,'บันทึกของเข้า-ออก'!$L:$L,สรุป!R$5,'บันทึกของเข้า-ออก'!$I:$I,">="&สรุป!$F$2,'บันทึกของเข้า-ออก'!$I:$I,"<="&สรุป!$G$2)-SUMIFS('บันทึกของเข้า-ออก'!$E:$E,'บันทึกของเข้า-ออก'!$B:$B,สรุป!$C46,'บันทึกของเข้า-ออก'!$F:$F,สรุป!R$5,'บันทึกของเข้า-ออก'!$D:$D,">="&สรุป!$F$2,'บันทึกของเข้า-ออก'!$D:$D,"<="&สรุป!$G$2) -> 0 | V46: =C46 -> เหล็กกล่อง 2"x2" เศษ 1.50 ม. | W46: 21 | X46: เส้น | Y46: 0 | Z46: 0 | AA46: 0 | AB46: 21 | AC46: 0 | AD46: 0 | AE46: 0 | AF46: 0 | AG46: 0 | AH46: 0 | AI46: 0 | AJ46: 0 | AK46: 0
B47: เหล็กรูปพรรณ | C47: เหล็กกล่อง 2"x2" เศษ 2.00 ม. | D47: =SUMIF(F47:T47,">0") -> 526 | E47: เส้น | F47: =Y47+SUMIFS('บันทึกของเข้า-ออก'!$J:$J,'บันทึกของเข้า-ออก'!$B:$B,สรุป!$C47,'บันทึกของเข้า-ออก'!$L:$L,สรุป!F$5,'บันทึกของเข้า-ออก'!$I:$I,">="&สรุป!$F$2,'บันทึกของเข้า-ออก'!$I:$I,"<="&สรุป!$G$2)-SUMIFS('บันทึกของเข้า-ออก'!$E:$E,'บันทึกของเข้า-ออก'!$B:$B,สรุป!$C47,'บันทึกของเข้า-ออก'!$F:$F,สรุป!F$5,'บันทึกของเข้า-ออก'!$D:$D,">="&สรุป!$F$2,'บันทึกของเข้า-ออก'!$D:$D,"<="&สรุป!$G$2) -> 52 | G47: =Z47+SUMIFS('บันทึกของเข้า-ออก'!$J:$J,'บันทึกของเข้า-ออก'!$B:$B,สรุป!$C47,'บันทึกของเข้า-ออก'!$L:$L,สรุป!G$5,'บันทึกของเข้า-ออก'!$I:$I,">="&สรุป!$F$2,'บันทึกของเข้า-ออก'!$I:$I,"<="&สรุป!$G$2)-SUMIFS('บันทึกของเข้า-ออก'!$E:$E,'บันทึกของเข้า-ออก'!$B:$B,สรุป!$C47,'บันทึกของเข้า-ออก'!$F:$F,สรุป!G$5,'บันทึกของเข้า-ออก'!$D:$D,">="&สรุป!$F$2,'บันทึกของเข้า-ออก'!$D:$D,"<="&สรุป!$G$2) -> 0 | H47: =AA47+SUMIFS('บันทึกของเข้า-ออก'!$J:$J,'บันทึกของเข้า-ออก'!$B:$B,สรุป!$C47,'บันทึกของเข้า-ออก'!$L:$L,สรุป!H$5,'บันทึกของเข้า-ออก'!$I:$I,">="&สรุป!$F$2,'บันทึกของเข้า-ออก'!$I:$I,"<="&สรุป!$G$2)-SUMIFS('บันทึกของเข้า-ออก'!$E:$E,'บันทึกของเข้า-ออก'!$B:$B,สรุป!$C47,'บันทึกของเข้า-ออก'!$F:$F,สรุป!H$5,'บันทึกของเข้า-ออก'!$D:$D,">="&สรุป!$F$2,'บันทึกของเข้า-ออก'!$D:$D,"<="&สรุป!$G$2) -> 48 | J47: =AC47+SUMIFS('บันทึกของเข้า-ออก'!$J:$J,'บันทึกของเข้า-ออก'!$B:$B,สรุป!$C47,'บันทึกของเข้า-ออก'!$L:$L,สรุป!J$5,'บันทึกของเข้า-ออก'!$I:$I,">="&สรุป!$F$2,'บันทึกของเข้า-ออก'!$I:$I,"<="&สรุป!$G$2)-SUMIFS('บันทึกของเข้า-ออก'!$E:$E,'บันทึกของเข้า-ออก'!$B:$B,สรุป!$C47,'บันทึกของเข้า-ออก'!$F:$F,สรุป!J$5,'บันทึกของเข้า-ออก'!$D:$D,">="&สรุป!$F$2,'บันทึกของเข้า-ออก'!$D:$D,"<="&สรุป!$G$2) -> -51 | K47: =AD47+SUMIFS('บันทึกของเข้า-ออก'!$J:$J,'บันทึกของเข้า-ออก'!$B:$B,สรุป!$C47,'บันทึกของเข้า-ออก'!$L:$L,สรุป!K$5,'บันทึกของเข้า-ออก'!$I:$I,">="&สรุป!$F$2,'บันทึกของเข้า-ออก'!$I:$I,"<="&สรุป!$G$2)-SUMIFS('บันทึกของเข้า-ออก'!$E:$E,'บันทึกของเข้า-ออก'!$B:$B,สรุป!$C47,'บันทึกของเข้า-ออก'!$F:$F,สรุป!K$5,'บันทึกของเข้า-ออก'!$D:$D,">="&สรุป!$F$2,'บันทึกของเข้า-ออก'!$D:$D,"<="&สรุป!$G$2) -> 0 | L47: =AE47+SUMIFS('บันทึกของเข้า-ออก'!$J:$J,'บันทึกของเข้า-ออก'!$B:$B,สรุป!$C47,'บันทึกของเข้า-ออก'!$L:$L,สรุป!L$5,'บันทึกของเข้า-ออก'!$I:$I,">="&สรุป!$F$2,'บันทึกของเข้า-ออก'!$I:$I,"<="&สรุป!$G$2)-SUMIFS('บันทึกของเข้า-ออก'!$E:$E,'บันทึกของเข้า-ออก'!$B:$B,สรุป!$C47,'บันทึกของเข้า-ออก'!$F:$F,สรุป!L$5,'บันทึกของเข้า-ออก'!$D:$D,">="&สรุป!$F$2,'บันทึกของเข้า-ออก'!$D:$D,"<="&สรุป!$G$2) -> 0 | M47: =AF47+SUMIFS('บันทึกของเข้า-ออก'!$J:$J,'บันทึกของเข้า-ออก'!$B:$B,สรุป!$C47,'บันทึกของเข้า-ออก'!$L:$L,สรุป!M$5,'บันทึกของเข้า-ออก'!$I:$I,">="&สรุป!$F$2,'บันทึกของเข้า-ออก'!$I:$I,"<="&สรุป!$G$2)-SUMIFS('บันทึกของเข้า-ออก'!$E:$E,'บันทึกของเข้า-ออก'!$B:$B,สรุป!$C47,'บันทึกของเข้า-ออก'!$F:$F,สรุป!M$5,'บันทึกของเข้า-ออก'!$D:$D,">="&สรุป!$F$2,'บันทึกของเข้า-ออก'!$D:$D,"<="&สรุป!$G$2) -> 270 | N47: =AG47+SUMIFS('บันทึกของเข้า-ออก'!$J:$J,'บันทึกของเข้า-ออก'!$B:$B,สรุป!$C47,'บันทึกของเข้า-ออก'!$L:$L,สรุป!N$5,'บันทึกของเข้า-ออก'!$I:$I,">="&สรุป!$F$2,'บันทึกของเข้า-ออก'!$I:$I,"<="&สรุป!$G$2)-SUMIFS('บันทึกของเข้า-ออก'!$E:$E,'บันทึกของเข้า-ออก'!$B:$B,สรุป!$C47,'บันทึกของเข้า-ออก'!$F:$F,สรุป!N$5,'บันทึกของเข้า-ออก'!$D:$D,">="&สรุป!$F$2,'บันทึกของเข้า-ออก'!$D:$D,"<="&สรุป!$G$2) -> 50 | O47: =AH47+SUMIFS('บันทึกของเข้า-ออก'!$J:$J,'บันทึกของเข้า-ออก'!$B:$B,สรุป!$C47,'บันทึกของเข้า-ออก'!$L:$L,สรุป!O$5,'บันทึกของเข้า-ออก'!$I:$I,">="&สรุป!$F$2,'บันทึกของเข้า-ออก'!$I:$I,"<="&สรุป!$G$2)-SUMIFS('บันทึกของเข้า-ออก'!$E:$E,'บันทึกของเข้า-ออก'!$B:$B,สรุป!$C47,'บันทึกของเข้า-ออก'!$F:$F,สรุป!O$5,'บันทึกของเข้า-ออก'!$D:$D,">="&สรุป!$F$2,'บันทึกของเข้า-ออก'!$D:$D,"<="&สรุป!$G$2) -> 106 | P47: =AI47+SUMIFS('บันทึกของเข้า-ออก'!$J:$J,'บันทึกของเข้า-ออก'!$B:$B,สรุป!$C47,'บันทึกของเข้า-ออก'!$L:$L,สรุป!P$5,'บันทึกของเข้า-ออก'!$I:$I,">="&สรุป!$F$2,'บันทึกของเข้า-ออก'!$I:$I,"<="&สรุป!$G$2)-SUMIFS('บันทึกของเข้า-ออก'!$E:$E,'บันทึกของเข้า-ออก'!$B:$B,สรุป!$C47,'บันทึกของเข้า-ออก'!$F:$F,สรุป!P$5,'บันทึกของเข้า-ออก'!$D:$D,">="&สรุป!$F$2,'บันทึกของเข้า-ออก'!$D:$D,"<="&สรุป!$G$2) -> 0 | Q47: =AJ47+SUMIFS('บันทึกของเข้า-ออก'!$J:$J,'บันทึกของเข้า-ออก'!$B:$B,สรุป!$C47,'บันทึกของเข้า-ออก'!$L:$L,สรุป!Q$5,'บันทึกของเข้า-ออก'!$I:$I,">="&สรุป!$F$2,'บันทึกของเข้า-ออก'!$I:$I,"<="&สรุป!$G$2)-SUMIFS('บันทึกของเข้า-ออก'!$E:$E,'บันทึกของเข้า-ออก'!$B:$B,สรุป!$C47,'บันทึกของเข้า-ออก'!$F:$F,สรุป!Q$5,'บันทึกของเข้า-ออก'!$D:$D,">="&สรุป!$F$2,'บันทึกของเข้า-ออก'!$D:$D,"<="&สรุป!$G$2) -> 0 | R47: =AK47+SUMIFS('บันทึกของเข้า-ออก'!$J:$J,'บันทึกของเข้า-ออก'!$B:$B,สรุป!$C47,'บันทึกของเข้า-ออก'!$L:$L,สรุป!R$5,'บันทึกของเข้า-ออก'!$I:$I,">="&สรุป!$F$2,'บันทึกของเข้า-ออก'!$I:$I,"<="&สรุป!$G$2)-SUMIFS('บันทึกของเข้า-ออก'!$E:$E,'บันทึกของเข้า-ออก'!$B:$B,สรุป!$C47,'บันทึกของเข้า-ออก'!$F:$F,สรุป!R$5,'บันทึกของเข้า-ออก'!$D:$D,">="&สรุป!$F$2,'บันทึกของเข้า-ออก'!$D:$D,"<="&สรุป!$G$2) -> 0 | V47: =C47 -> เหล็กกล่อง 2"x2" เศษ 2.00 ม. | W47: 475 | X47: เส้น | Y47: 0 | Z47: 0 | AA47: 48 | AC47: 32 | AD47: 0 | AE47: 0 | AF47: 270 | AG47: 40 | AH47: 85 | AI47: 0 | AJ47: 0 | AK47: 0
B48: เหล็กรูปพรรณ | C48: เหล็กกล่อง 2"x2" เศษ 2.50 ม. | D48: =SUMIF(F48:T48,">0") -> 90 | E48: เส้น | F48: =Y48+SUMIFS('บันทึกของเข้า-ออก'!$J:$J,'บันทึกของเข้า-ออก'!$B:$B,สรุป!$C48,'บันทึกของเข้า-ออก'!$L:$L,สรุป!F$5,'บันทึกของเข้า-ออก'!$I:$I,">="&สรุป!$F$2,'บันทึกของเข้า-ออก'!$I:$I,"<="&สรุป!$G$2)-SUMIFS('บันทึกของเข้า-ออก'!$E:$E,'บันทึกของเข้า-ออก'!$B:$B,สรุป!$C48,'บันทึกของเข้า-ออก'!$F:$F,สรุป!F$5,'บันทึกของเข้า-ออก'!$D:$D,">="&สรุป!$F$2,'บันทึกของเข้า-ออก'!$D:$D,"<="&สรุป!$G$2) -> 12 | G48: =Z48+SUMIFS('บันทึกของเข้า-ออก'!$J:$J,'บันทึกของเข้า-ออก'!$B:$B,สรุป!$C48,'บันทึกของเข้า-ออก'!$L:$L,สรุป!G$5,'บันทึกของเข้า-ออก'!$I:$I,">="&สรุป!$F$2,'บันทึกของเข้า-ออก'!$I:$I,"<="&สรุป!$G$2)-SUMIFS('บันทึกของเข้า-ออก'!$E:$E,'บันทึกของเข้า-ออก'!$B:$B,สรุป!$C48,'บันทึกของเข้า-ออก'!$F:$F,สรุป!G$5,'บันทึกของเข้า-ออก'!$D:$D,">="&สรุป!$F$2,'บันทึกของเข้า-ออก'!$D:$D,"<="&สรุป!$G$2) -> 0 | H48: =AA48+SUMIFS('บันทึกของเข้า-ออก'!$J:$J,'บันทึกของเข้า-ออก'!$B:$B,สรุป!$C48,'บันทึกของเข้า-ออก'!$L:$L,สรุป!H$5,'บันทึกของเข้า-ออก'!$I:$I,">="&สรุป!$F$2,'บันทึกของเข้า-ออก'!$I:$I,"<="&สรุป!$G$2)-SUMIFS('บันทึกของเข้า-ออก'!$E:$E,'บันทึกของเข้า-ออก'!$B:$B,สรุป!$C48,'บันทึกของเข้า-ออก'!$F:$F,สรุป!H$5,'บันทึกของเข้า-ออก'!$D:$D,">="&สรุป!$F$2,'บันทึกของเข้า-ออก'!$D:$D,"<="&สรุป!$G$2) -> 0 | I48: =AB48+SUMIFS('บันทึกของเข้า-ออก'!$J:$J,'บันทึกของเข้า-ออก'!$B:$B,สรุป!$C48,'บันทึกของเข้า-ออก'!$L:$L,สรุป!I$5,'บันทึกของเข้า-ออก'!$I:$I,">="&สรุป!$F$2,'บันทึกของเข้า-ออก'!$I:$I,"<="&สรุป!$G$2)-SUMIFS('บันทึกของเข้า-ออก'!$E:$E,'บันทึกของเข้า-ออก'!$B:$B,สรุป!$C48,'บันทึกของเข้า-ออก'!$F:$F,สรุป!I$5,'บันทึกของเข้า-ออก'!$D:$D,">="&สรุป!$F$2,'บันทึกของเข้า-ออก'!$D:$D,"<="&สรุป!$G$2) -> 0 | J48: =AC48+SUMIFS('บันทึกของเข้า-ออก'!$J:$J,'บันทึกของเข้า-ออก'!$B:$B,สรุป!$C48,'บันทึกของเข้า-ออก'!$L:$L,สรุป!J$5,'บันทึกของเข้า-ออก'!$I:$I,">="&สรุป!$F$2,'บันทึกของเข้า-ออก'!$I:$I,"<="&สรุป!$G$2)-SUMIFS('บันทึกของเข้า-ออก'!$E:$E,'บันทึกของเข้า-ออก'!$B:$B,สรุป!$C48,'บันทึกของเข้า-ออก'!$F:$F,สรุป!J$5,'บันทึกของเข้า-ออก'!$D:$D,">="&สรุป!$F$2,'บันทึกของเข้า-ออก'!$D:$D,"<="&สรุป!$G$2) -> -12 | K48: =AD48+SUMIFS('บันทึกของเข้า-ออก'!$J:$J,'บันทึกของเข้า-ออก'!$B:$B,สรุป!$C48,'บันทึกของเข้า-ออก'!$L:$L,สรุป!K$5,'บันทึกของเข้า-ออก'!$I:$I,">="&สรุป!$F$2,'บันทึกของเข้า-ออก'!$I:$I,"<="&สรุป!$G$2)-SUMIFS('บันทึกของเข้า-ออก'!$E:$E,'บันทึกของเข้า-ออก'!$B:$B,สรุป!$C48,'บันทึกของเข้า-ออก'!$F:$F,สรุป!K$5,'บันทึกของเข้า-ออก'!$D:$D,">="&สรุป!$F$2,'บันทึกของเข้า-ออก'!$D:$D,"<="&สรุป!$G$2) -> 0 | L48: =AE48+SUMIFS('บันทึกของเข้า-ออก'!$J:$J,'บันทึกของเข้า-ออก'!$B:$B,สรุป!$C48,'บันทึกของเข้า-ออก'!$L:$L,สรุป!L$5,'บันทึกของเข้า-ออก'!$I:$I,">="&สรุป!$F$2,'บันทึกของเข้า-ออก'!$I:$I,"<="&สรุป!$G$2)-SUMIFS('บันทึกของเข้า-ออก'!$E:$E,'บันทึกของเข้า-ออก'!$B:$B,สรุป!$C48,'บันทึกของเข้า-ออก'!$F:$F,สรุป!L$5,'บันทึกของเข้า-ออก'!$D:$D,">="&สรุป!$F$2,'บันทึกของเข้า-ออก'!$D:$D,"<="&สรุป!$G$2) -> 0 | M48: =AF48+SUMIFS('บันทึกของเข้า-ออก'!$J:$J,'บันทึกของเข้า-ออก'!$B:$B,สรุป!$C48,'บันทึกของเข้า-ออก'!$L:$L,สรุป!M$5,'บันทึกของเข้า-ออก'!$I:$I,">="&สรุป!$F$2,'บันทึกของเข้า-ออก'!$I:$I,"<="&สรุป!$G$2)-SUMIFS('บันทึกของเข้า-ออก'!$E:$E,'บันทึกของเข้า-ออก'!$B:$B,สรุป!$C48,'บันทึกของเข้า-ออก'!$F:$F,สรุป!M$5,'บันทึกของเข้า-ออก'!$D:$D,">="&สรุป!$F$2,'บันทึกของเข้า-ออก'!$D:$D,"<="&สรุป!$G$2) -> 0 | N48: =AG48+SUMIFS('บันทึกของเข้า-ออก'!$J:$J,'บันทึกของเข้า-ออก'!$B:$B,สรุป!$C48,'บันทึกของเข้า-ออก'!$L:$L,สรุป!N$5,'บันทึกของเข้า-ออก'!$I:$I,">="&สรุป!$F$2,'บันทึกของเข้า-ออก'!$I:$I,"<="&สรุป!$G$2)-SUMIFS('บันทึกของเข้า-ออก'!$E:$E,'บันทึกของเข้า-ออก'!$B:$B,สรุป!$C48,'บันทึกของเข้า-ออก'!$F:$F,สรุป!N$5,'บันทึกของเข้า-ออก'!$D:$D,">="&สรุป!$F$2,'บันทึกของเข้า-ออก'!$D:$D,"<="&สรุป!$G$2) -> 78 | P48: =AI48+SUMIFS('บันทึกของเข้า-ออก'!$J:$J,'บันทึกของเข้า-ออก'!$B:$B,สรุป!$C48,'บันทึกของเข้า-ออก'!$L:$L,สรุป!P$5,'บันทึกของเข้า-ออก'!$I:$I,">="&สรุป!$F$2,'บันทึกของเข้า-ออก'!$I:$I,"<="&สรุป!$G$2)-SUMIFS('บันทึกของเข้า-ออก'!$E:$E,'บันทึกของเข้า-ออก'!$B:$B,สรุป!$C48,'บันทึกของเข้า-ออก'!$F:$F,สรุป!P$5,'บันทึกของเข้า-ออก'!$D:$D,">="&สรุป!$F$2,'บันทึกของเข้า-ออก'!$D:$D,"<="&สรุป!$G$2) -> 0 | Q48: =AJ48+SUMIFS('บันทึกของเข้า-ออก'!$J:$J,'บันทึกของเข้า-ออก'!$B:$B,สรุป!$C48,'บันทึกของเข้า-ออก'!$L:$L,สรุป!Q$5,'บันทึกของเข้า-ออก'!$I:$I,">="&สรุป!$F$2,'บันทึกของเข้า-ออก'!$I:$I,"<="&สรุป!$G$2)-SUMIFS('บันทึกของเข้า-ออก'!$E:$E,'บันทึกของเข้า-ออก'!$B:$B,สรุป!$C48,'บันทึกของเข้า-ออก'!$F:$F,สรุป!Q$5,'บันทึกของเข้า-ออก'!$D:$D,">="&สรุป!$F$2,'บันทึกของเข้า-ออก'!$D:$D,"<="&สรุป!$G$2) -> 0 | R48: =AK48+SUMIFS('บันทึกของเข้า-ออก'!$J:$J,'บันทึกของเข้า-ออก'!$B:$B,สรุป!$C48,'บันทึกของเข้า-ออก'!$L:$L,สรุป!R$5,'บันทึกของเข้า-ออก'!$I:$I,">="&สรุป!$F$2,'บันทึกของเข้า-ออก'!$I:$I,"<="&สรุป!$G$2)-SUMIFS('บันทึกของเข้า-ออก'!$E:$E,'บันทึกของเข้า-ออก'!$B:$B,สรุป!$C48,'บันทึกของเข้า-ออก'!$F:$F,สรุป!R$5,'บันทึกของเข้า-ออก'!$D:$D,">="&สรุป!$F$2,'บันทึกของเข้า-ออก'!$D:$D,"<="&สรุป!$G$2) -> 0 | V48: =C48 -> เหล็กกล่อง 2"x2" เศษ 2.50 ม. | W48: 12 | X48: เส้น | Y48: 0 | Z48: 0 | AA48: 0 | AB48: 0 | AC48: 0 | AD48: 0 | AE48: 0 | AF48: 0 | AG48: 90 | AH48: . | AI48: 0 | AJ48: 0 | AK48: 0
B49: เหล็กรูปพรรณ | C49: เหล็กกล่อง 2"x2" เศษ 3.00 ม. | D49: =SUMIF(F49:T49,">0") -> 138 | E49: เส้น | F49: =Y49+SUMIFS('บันทึกของเข้า-ออก'!$J:$J,'บันทึกของเข้า-ออก'!$B:$B,สรุป!$C49,'บันทึกของเข้า-ออก'!$L:$L,สรุป!F$5,'บันทึกของเข้า-ออก'!$I:$I,">="&สรุป!$F$2,'บันทึกของเข้า-ออก'!$I:$I,"<="&สรุป!$G$2)-SUMIFS('บันทึกของเข้า-ออก'!$E:$E,'บันทึกของเข้า-ออก'!$B:$B,สรุป!$C49,'บันทึกของเข้า-ออก'!$F:$F,สรุป!F$5,'บันทึกของเข้า-ออก'!$D:$D,">="&สรุป!$F$2,'บันทึกของเข้า-ออก'!$D:$D,"<="&สรุป!$G$2) -> 19 | G49: =Z49+SUMIFS('บันทึกของเข้า-ออก'!$J:$J,'บันทึกของเข้า-ออก'!$B:$B,สรุป!$C49,'บันทึกของเข้า-ออก'!$L:$L,สรุป!G$5,'บันทึกของเข้า-ออก'!$I:$I,">="&สรุป!$F$2,'บันทึกของเข้า-ออก'!$I:$I,"<="&สรุป!$G$2)-SUMIFS('บันทึกของเข้า-ออก'!$E:$E,'บันทึกของเข้า-ออก'!$B:$B,สรุป!$C49,'บันทึกของเข้า-ออก'!$F:$F,สรุป!G$5,'บันทึกของเข้า-ออก'!$D:$D,">="&สรุป!$F$2,'บันทึกของเข้า-ออก'!$D:$D,"<="&สรุป!$G$2) -> 0 | H49: =AA49+SUMIFS('บันทึกของเข้า-ออก'!$J:$J,'บันทึกของเข้า-ออก'!$B:$B,สรุป!$C49,'บันทึกของเข้า-ออก'!$L:$L,สรุป!H$5,'บันทึกของเข้า-ออก'!$I:$I,">="&สรุป!$F$2,'บันทึกของเข้า-ออก'!$I:$I,"<="&สรุป!$G$2)-SUMIFS('บันทึกของเข้า-ออก'!$E:$E,'บันทึกของเข้า-ออก'!$B:$B,สรุป!$C49,'บันทึกของเข้า-ออก'!$F:$F,สรุป!H$5,'บันทึกของเข้า-ออก'!$D:$D,">="&สรุป!$F$2,'บันทึกของเข้า-ออก'!$D:$D,"<="&สรุป!$G$2) -> 0 | I49: =AB49+SUMIFS('บันทึกของเข้า-ออก'!$J:$J,'บันทึกของเข้า-ออก'!$B:$B,สรุป!$C49,'บันทึกของเข้า-ออก'!$L:$L,สรุป!I$5,'บันทึกของเข้า-ออก'!$I:$I,">="&สรุป!$F$2,'บันทึกของเข้า-ออก'!$I:$I,"<="&สรุป!$G$2)-SUMIFS('บันทึกของเข้า-ออก'!$E:$E,'บันทึกของเข้า-ออก'!$B:$B,สรุป!$C49,'บันทึกของเข้า-ออก'!$F:$F,สรุป!I$5,'บันทึกของเข้า-ออก'!$D:$D,">="&สรุป!$F$2,'บันทึกของเข้า-ออก'!$D:$D,"<="&สรุป!$G$2) -> 0 | J49: =AC49+SUMIFS('บันทึกของเข้า-ออก'!$J:$J,'บันทึกของเข้า-ออก'!$B:$B,สรุป!$C49,'บันทึกของเข้า-ออก'!$L:$L,สรุป!J$5,'บันทึกของเข้า-ออก'!$I:$I,">="&สรุป!$F$2,'บันทึกของเข้า-ออก'!$I:$I,"<="&สรุป!$G$2)-SUMIFS('บันทึกของเข้า-ออก'!$E:$E,'บันทึกของเข้า-ออก'!$B:$B,สรุป!$C49,'บันทึกของเข้า-ออก'!$F:$F,สรุป!J$5,'บันทึกของเข้า-ออก'!$D:$D,">="&สรุป!$F$2,'บันทึกของเข้า-ออก'!$D:$D,"<="&สรุป!$G$2) -> 11 | K49: =AD49+SUMIFS('บันทึกของเข้า-ออก'!$J:$J,'บันทึกของเข้า-ออก'!$B:$B,สรุป!$C49,'บันทึกของเข้า-ออก'!$L:$L,สรุป!K$5,'บันทึกของเข้า-ออก'!$I:$I,">="&สรุป!$F$2,'บันทึกของเข้า-ออก'!$I:$I,"<="&สรุป!$G$2)-SUMIFS('บันทึกของเข้า-ออก'!$E:$E,'บันทึกของเข้า-ออก'!$B:$B,สรุป!$C49,'บันทึกของเข้า-ออก'!$F:$F,สรุป!K$5,'บันทึกของเข้า-ออก'!$D:$D,">="&สรุป!$F$2,'บันทึกของเข้า-ออก'!$D:$D,"<="&สรุป!$G$2) -> 0 | L49: =AE49+SUMIFS('บันทึกของเข้า-ออก'!$J:$J,'บันทึกของเข้า-ออก'!$B:$B,สรุป!$C49,'บันทึกของเข้า-ออก'!$L:$L,สรุป!L$5,'บันทึกของเข้า-ออก'!$I:$I,">="&สรุป!$F$2,'บันทึกของเข้า-ออก'!$I:$I,"<="&สรุป!$G$2)-SUMIFS('บันทึกของเข้า-ออก'!$E:$E,'บันทึกของเข้า-ออก'!$B:$B,สรุป!$C49,'บันทึกของเข้า-ออก'!$F:$F,สรุป!L$5,'บันทึกของเข้า-ออก'!$D:$D,">="&สรุป!$F$2,'บันทึกของเข้า-ออก'!$D:$D,"<="&สรุป!$G$2) -> 0 | M49: =AF49+SUMIFS('บันทึกของเข้า-ออก'!$J:$J,'บันทึกของเข้า-ออก'!$B:$B,สรุป!$C49,'บันทึกของเข้า-ออก'!$L:$L,สรุป!M$5,'บันทึกของเข้า-ออก'!$I:$I,">="&สรุป!$F$2,'บันทึกของเข้า-ออก'!$I:$I,"<="&สรุป!$G$2)-SUMIFS('บันทึกของเข้า-ออก'!$E:$E,'บันทึกของเข้า-ออก'!$B:$B,สรุป!$C49,'บันทึกของเข้า-ออก'!$F:$F,สรุป!M$5,'บันทึกของเข้า-ออก'!$D:$D,">="&สรุป!$F$2,'บันทึกของเข้า-ออก'!$D:$D,"<="&สรุป!$G$2) -> 85 | ... R49: =AK49+SUMIFS('บันทึกของเข้า-ออก'!$J:$J,'บันทึกของเข้า-ออก'!$B:$B,สรุป!$C49,'บันทึกของเข้า-ออก'!$L:$L,สรุป!R$5,'บันทึกของเข้า-ออก'!$I:$I,">="&สรุป!$F$2,'บันทึกของเข้า-ออก'!$I:$I,"<="&สรุป!$G$2)-SUMIFS('บันทึกของเข้า-ออก'!$E:$E,'บันทึกของเข้า-ออก'!$B:$B,สรุป!$C49,'บันทึกของเข้า-ออก'!$F:$F,สรุป!R$5,'บันทึกของเข้า-ออก'!$D:$D,">="&สรุป!$F$2,'บันทึกของเข้า-ออก'!$D:$D,"<="&สรุป!$G$2) -> 0 | V49: =C49 -> เหล็กกล่อง 2"x2" เศษ 3.00 ม. | W49: 342 | X49: เส้น | Y49: 0 | Z49: 0 | AA49: 0 | AB49: 0 | AC49: 33 | AD49: 0 | AE49: 0 | AF49: 85 | AG49: 0 | AH49: 0 | AI49: 0 | AJ49: 0 | AK49: 0
B50: เหล็กรูปพรรณ | C50: เหล็กกล่อง 2"x2" เศษไม่เกิน 1.00 ม. | D50: =SUMIF(F50:T50,">0") -> 342 | E50: เส้น | F50: =Y50+SUMIFS('บันทึกของเข้า-ออก'!$J:$J,'บันทึกของเข้า-ออก'!$B:$B,สรุป!$C50,'บันทึกของเข้า-ออก'!$L:$L,สรุป!F$5,'บันทึกของเข้า-ออก'!$I:$I,">="&สรุป!$F$2,'บันทึกของเข้า-ออก'!$I:$I,"<="&สรุป!$G$2)-SUMIFS('บันทึกของเข้า-ออก'!$E:$E,'บันทึกของเข้า-ออก'!$B:$B,สรุป!$C50,'บันทึกของเข้า-ออก'!$F:$F,สรุป!F$5,'บันทึกของเข้า-ออก'!$D:$D,">="&สรุป!$F$2,'บันทึกของเข้า-ออก'!$D:$D,"<="&สรุป!$G$2) -> 156 | G50: =Z50+SUMIFS('บันทึกของเข้า-ออก'!$J:$J,'บันทึกของเข้า-ออก'!$B:$B,สรุป!$C50,'บันทึกของเข้า-ออก'!$L:$L,สรุป!G$5,'บันทึกของเข้า-ออก'!$I:$I,">="&สรุป!$F$2,'บันทึกของเข้า-ออก'!$I:$I,"<="&สรุป!$G$2)-SUMIFS('บันทึกของเข้า-ออก'!$E:$E,'บันทึกของเข้า-ออก'!$B:$B,สรุป!$C50,'บันทึกของเข้า-ออก'!$F:$F,สรุป!G$5,'บันทึกของเข้า-ออก'!$D:$D,">="&สรุป!$F$2,'บันทึกของเข้า-ออก'!$D:$D,"<="&สรุป!$G$2) -> 0 | H50: =AA50+SUMIFS('บันทึกของเข้า-ออก'!$J:$J,'บันทึกของเข้า-ออก'!$B:$B,สรุป!$C50,'บันทึกของเข้า-ออก'!$L:$L,สรุป!H$5,'บันทึกของเข้า-ออก'!$I:$I,">="&สรุป!$F$2,'บันทึกของเข้า-ออก'!$I:$I,"<="&สรุป!$G$2)-SUMIFS('บันทึกของเข้า-ออก'!$E:$E,'บันทึกของเข้า-ออก'!$B:$B,สรุป!$C50,'บันทึกของเข้า-ออก'!$F:$F,สรุป!H$5,'บันทึกของเข้า-ออก'!$D:$D,">="&สรุป!$F$2,'บันทึกของเข้า-ออก'!$D:$D,"<="&สรุป!$G$2) -> 0 | I50: =AB50+SUMIFS('บันทึกของเข้า-ออก'!$J:$J,'บันทึกของเข้า-ออก'!$B:$B,สรุป!$C50,'บันทึกของเข้า-ออก'!$L:$L,สรุป!I$5,'บันทึกของเข้า-ออก'!$I:$I,">="&สรุป!$F$2,'บันทึกของเข้า-ออก'!$I:$I,"<="&สรุป!$G$2)-SUMIFS('บันทึกของเข้า-ออก'!$E:$E,'บันทึกของเข้า-ออก'!$B:$B,สรุป!$C50,'บันทึกของเข้า-ออก'!$F:$F,สรุป!I$5,'บันทึกของเข้า-ออก'!$D:$D,">="&สรุป!$F$2,'บันทึกของเข้า-ออก'!$D:$D,"<="&สรุป!$G$2) -> 0 | J50: =AC50+SUMIFS('บันทึกของเข้า-ออก'!$J:$J,'บันทึกของเข้า-ออก'!$B:$B,สรุป!$C50,'บันทึกของเข้า-ออก'!$L:$L,สรุป!J$5,'บันทึกของเข้า-ออก'!$I:$I,">="&สรุป!$F$2,'บันทึกของเข้า-ออก'!$I:$I,"<="&สรุป!$G$2)-SUMIFS('บันทึกของเข้า-ออก'!$E:$E,'บันทึกของเข้า-ออก'!$B:$B,สรุป!$C50,'บันทึกของเข้า-ออก'!$F:$F,สรุป!J$5,'บันทึกของเข้า-ออก'!$D:$D,">="&สรุป!$F$2,'บันทึกของเข้า-ออก'!$D:$D,"<="&สรุป!$G$2) -> -54 | K50: =AD50+SUMIFS('บันทึกของเข้า-ออก'!$J:$J,'บันทึกของเข้า-ออก'!$B:$B,สรุป!$C50,'บันทึกของเข้า-ออก'!$L:$L,สรุป!K$5,'บันทึกของเข้า-ออก'!$I:$I,">="&สรุป!$F$2,'บันทึกของเข้า-ออก'!$I:$I,"<="&สรุป!$G$2)-SUMIFS('บันทึกของเข้า-ออก'!$E:$E,'บันทึกของเข้า-ออก'!$B:$B,สรุป!$C50,'บันทึกของเข้า-ออก'!$F:$F,สรุป!K$5,'บันทึกของเข้า-ออก'!$D:$D,">="&สรุป!$F$2,'บันทึกของเข้า-ออก'!$D:$D,"<="&สรุป!$G$2) -> 0 | L50: =AE50+SUMIFS('บันทึกของเข้า-ออก'!$J:$J,'บันทึกของเข้า-ออก'!$B:$B,สรุป!$C50,'บันทึกของเข้า-ออก'!$L:$L,สรุป!L$5,'บันทึกของเข้า-ออก'!$I:$I,">="&สรุป!$F$2,'บันทึกของเข้า-ออก'!$I:$I,"<="&สรุป!$G$2)-SUMIFS('บันทึกของเข้า-ออก'!$E:$E,'บันทึกของเข้า-ออก'!$B:$B,สรุป!$C50,'บันทึกของเข้า-ออก'!$F:$F,สรุป!L$5,'บันทึกของเข้า-ออก'!$D:$D,">="&สรุป!$F$2,'บันทึกของเข้า-ออก'!$D:$D,"<="&สรุป!$G$2) -> 0 | M50: =AF50+SUMIFS('บันทึกของเข้า-ออก'!$J:$J,'บันทึกของเข้า-ออก'!$B:$B,สรุป!$C50,'บันทึกของเข้า-ออก'!$L:$L,สรุป!M$5,'บันทึกของเข้า-ออก'!$I:$I,">="&สรุป!$F$2,'บันทึกของเข้า-ออก'!$I:$I,"<="&สรุป!$G$2)-SUMIFS('บันทึกของเข้า-ออก'!$E:$E,'บันทึกของเข้า-ออก'!$B:$B,สรุป!$C50,'บันทึกของเข้า-ออก'!$F:$F,สรุป!M$5,'บันทึกของเข้า-ออก'!$D:$D,">="&สรุป!$F$2,'บันทึกของเข้า-ออก'!$D:$D,"<="&สรุป!$G$2) -> 0 | ... R50: =AK50+SUMIFS('บันทึกของเข้า-ออก'!$J:$J,'บันทึกของเข้า-ออก'!$B:$B,สรุป!$C50,'บันทึกของเข้า-ออก'!$L:$L,สรุป!R$5,'บันทึกของเข้า-ออก'!$I:$I,">="&สรุป!$F$2,'บันทึกของเข้า-ออก'!$I:$I,"<="&สรุป!$G$2)-SUMIFS('บันทึกของเข้า-ออก'!$E:$E,'บันทึกของเข้า-ออก'!$B:$B,สรุป!$C50,'บันทึกของเข้า-ออก'!$F:$F,สรุป!R$5,'บันทึกของเข้า-ออก'!$D:$D,">="&สรุป!$F$2,'บันทึกของเข้า-ออก'!$D:$D,"<="&สรุป!$G$2) -> 0 | V50: =C50 -> เหล็กกล่อง 2"x2" เศษไม่เกิน 1.00 ม. | W50: 450 | X50: เส้น | Y50: 156 | Z50: 0 | AA50: 0 | AB50: 0 | AC50: 0 | AD50: 0 | AE50: 0 | AF50: 0 | AG50: 0 | AH50: 132 | AI50: 0 | AJ50: 0 | AK50: 0
B51: เหล็กรูปพรรณ | C51: เหล็กกล่อง 2"x4" เศษ 2.00 ม. | D51: =SUMIF(F51:T51,">0") -> 8 | E51: เส้น | F51: =Y51+SUMIFS('บันทึกของเข้า-ออก'!$J:$J,'บันทึกของเข้า-ออก'!$B:$B,สรุป!$C51,'บันทึกของเข้า-ออก'!$L:$L,สรุป!F$5,'บันทึกของเข้า-ออก'!$I:$I,">="&สรุป!$F$2,'บันทึกของเข้า-ออก'!$I:$I,"<="&สรุป!$G$2)-SUMIFS('บันทึกของเข้า-ออก'!$E:$E,'บันทึกของเข้า-ออก'!$B:$B,สรุป!$C51,'บันทึกของเข้า-ออก'!$F:$F,สรุป!F$5,'บันทึกของเข้า-ออก'!$D:$D,">="&สรุป!$F$2,'บันทึกของเข้า-ออก'!$D:$D,"<="&สรุป!$G$2) -> 8 | G51: =Z51+SUMIFS('บันทึกของเข้า-ออก'!$J:$J,'บันทึกของเข้า-ออก'!$B:$B,สรุป!$C51,'บันทึกของเข้า-ออก'!$L:$L,สรุป!G$5,'บันทึกของเข้า-ออก'!$I:$I,">="&สรุป!$F$2,'บันทึกของเข้า-ออก'!$I:$I,"<="&สรุป!$G$2)-SUMIFS('บันทึกของเข้า-ออก'!$E:$E,'บันทึกของเข้า-ออก'!$B:$B,สรุป!$C51,'บันทึกของเข้า-ออก'!$F:$F,สรุป!G$5,'บันทึกของเข้า-ออก'!$D:$D,">="&สรุป!$F$2,'บันทึกของเข้า-ออก'!$D:$D,"<="&สรุป!$G$2) -> 0 | H51: =AA51+SUMIFS('บันทึกของเข้า-ออก'!$J:$J,'บันทึกของเข้า-ออก'!$B:$B,สรุป!$C51,'บันทึกของเข้า-ออก'!$L:$L,สรุป!H$5,'บันทึกของเข้า-ออก'!$I:$I,">="&สรุป!$F$2,'บันทึกของเข้า-ออก'!$I:$I,"<="&สรุป!$G$2)-SUMIFS('บันทึกของเข้า-ออก'!$E:$E,'บันทึกของเข้า-ออก'!$B:$B,สรุป!$C51,'บันทึกของเข้า-ออก'!$F:$F,สรุป!H$5,'บันทึกของเข้า-ออก'!$D:$D,">="&สรุป!$F$2,'บันทึกของเข้า-ออก'!$D:$D,"<="&สรุป!$G$2) -> 0 | I51: =AB51+SUMIFS('บันทึกของเข้า-ออก'!$J:$J,'บันทึกของเข้า-ออก'!$B:$B,สรุป!$C51,'บันทึกของเข้า-ออก'!$L:$L,สรุป!I$5,'บันทึกของเข้า-ออก'!$I:$I,">="&สรุป!$F$2,'บันทึกของเข้า-ออก'!$I:$I,"<="&สรุป!$G$2)-SUMIFS('บันทึกของเข้า-ออก'!$E:$E,'บันทึกของเข้า-ออก'!$B:$B,สรุป!$C51,'บันทึกของเข้า-ออก'!$F:$F,สรุป!I$5,'บันทึกของเข้า-ออก'!$D:$D,">="&สรุป!$F$2,'บันทึกของเข้า-ออก'!$D:$D,"<="&สรุป!$G$2) -> 0 | J51: =AC51+SUMIFS('บันทึกของเข้า-ออก'!$J:$J,'บันทึกของเข้า-ออก'!$B:$B,สรุป!$C51,'บันทึกของเข้า-ออก'!$L:$L,สรุป!J$5,'บันทึกของเข้า-ออก'!$I:$I,">="&สรุป!$F$2,'บันทึกของเข้า-ออก'!$I:$I,"<="&สรุป!$G$2)-SUMIFS('บันทึกของเข้า-ออก'!$E:$E,'บันทึกของเข้า-ออก'!$B:$B,สรุป!$C51,'บันทึกของเข้า-ออก'!$F:$F,สรุป!J$5,'บันทึกของเข้า-ออก'!$D:$D,">="&สรุป!$F$2,'บันทึกของเข้า-ออก'!$D:$D,"<="&สรุป!$G$2) -> 0 | K51: =AD51+SUMIFS('บันทึกของเข้า-ออก'!$J:$J,'บันทึกของเข้า-ออก'!$B:$B,สรุป!$C51,'บันทึกของเข้า-ออก'!$L:$L,สรุป!K$5,'บันทึกของเข้า-ออก'!$I:$I,">="&สรุป!$F$2,'บันทึกของเข้า-ออก'!$I:$I,"<="&สรุป!$G$2)-SUMIFS('บันทึกของเข้า-ออก'!$E:$E,'บันทึกของเข้า-ออก'!$B:$B,สรุป!$C51,'บันทึกของเข้า-ออก'!$F:$F,สรุป!K$5,'บันทึกของเข้า-ออก'!$D:$D,">="&สรุป!$F$2,'บันทึกของเข้า-ออก'!$D:$D,"<="&สรุป!$G$2) -> 0 | L51: =AE51+SUMIFS('บันทึกของเข้า-ออก'!$J:$J,'บันทึกของเข้า-ออก'!$B:$B,สรุป!$C51,'บันทึกของเข้า-ออก'!$L:$L,สรุป!L$5,'บันทึกของเข้า-ออก'!$I:$I,">="&สรุป!$F$2,'บันทึกของเข้า-ออก'!$I:$I,"<="&สรุป!$G$2)-SUMIFS('บันทึกของเข้า-ออก'!$E:$E,'บันทึกของเข้า-ออก'!$B:$B,สรุป!$C51,'บันทึกของเข้า-ออก'!$F:$F,สรุป!L$5,'บันทึกของเข้า-ออก'!$D:$D,">="&สรุป!$F$2,'บันทึกของเข้า-ออก'!$D:$D,"<="&สรุป!$G$2) -> 0 | M51: =AF51+SUMIFS('บันทึกของเข้า-ออก'!$J:$J,'บันทึกของเข้า-ออก'!$B:$B,สรุป!$C51,'บันทึกของเข้า-ออก'!$L:$L,สรุป!M$5,'บันทึกของเข้า-ออก'!$I:$I,">="&สรุป!$F$2,'บันทึกของเข้า-ออก'!$I:$I,"<="&สรุป!$G$2)-SUMIFS('บันทึกของเข้า-ออก'!$E:$E,'บันทึกของเข้า-ออก'!$B:$B,สรุป!$C51,'บันทึกของเข้า-ออก'!$F:$F,สรุป!M$5,'บันทึกของเข้า-ออก'!$D:$D,">="&สรุป!$F$2,'บันทึกของเข้า-ออก'!$D:$D,"<="&สรุป!$G$2) -> 0 | ... R51: =AK51+SUMIFS('บันทึกของเข้า-ออก'!$J:$J,'บันทึกของเข้า-ออก'!$B:$B,สรุป!$C51,'บันทึกของเข้า-ออก'!$L:$L,สรุป!R$5,'บันทึกของเข้า-ออก'!$I:$I,">="&สรุป!$F$2,'บันทึกของเข้า-ออก'!$I:$I,"<="&สรุป!$G$2)-SUMIFS('บันทึกของเข้า-ออก'!$E:$E,'บันทึกของเข้า-ออก'!$B:$B,สรุป!$C51,'บันทึกของเข้า-ออก'!$F:$F,สรุป!R$5,'บันทึกของเข้า-ออก'!$D:$D,">="&สรุป!$F$2,'บันทึกของเข้า-ออก'!$D:$D,"<="&สรุป!$G$2) -> 0 | V51: =C51 -> เหล็กกล่อง 2"x4" เศษ 2.00 ม. | W51: 8 | X51: เส้น | Y51: 8 | Z51: 0 | AA51: 0 | AB51: 0 | AC51: 0 | AD51: 0 | AE51: 0 | AF51: 0 | AG51: 0 | AH51: 0 | AI51: 0 | AJ51: 0 | AK51: 0
B52: เหล็กรูปพรรณ | C52: เหล็กกล่อง 2"x4" เศษ 3-4 ม. | D52: =SUMIF(F52:T52,">0") -> 3 | E52: เส้น | F52: =Y52+SUMIFS('บันทึกของเข้า-ออก'!$J:$J,'บันทึกของเข้า-ออก'!$B:$B,สรุป!$C52,'บันทึกของเข้า-ออก'!$L:$L,สรุป!F$5,'บันทึกของเข้า-ออก'!$I:$I,">="&สรุป!$F$2,'บันทึกของเข้า-ออก'!$I:$I,"<="&สรุป!$G$2)-SUMIFS('บันทึกของเข้า-ออก'!$E:$E,'บันทึกของเข้า-ออก'!$B:$B,สรุป!$C52,'บันทึกของเข้า-ออก'!$F:$F,สรุป!F$5,'บันทึกของเข้า-ออก'!$D:$D,">="&สรุป!$F$2,'บันทึกของเข้า-ออก'!$D:$D,"<="&สรุป!$G$2) -> 0 | G52: =Z52+SUMIFS('บันทึกของเข้า-ออก'!$J:$J,'บันทึกของเข้า-ออก'!$B:$B,สรุป!$C52,'บันทึกของเข้า-ออก'!$L:$L,สรุป!G$5,'บันทึกของเข้า-ออก'!$I:$I,">="&สรุป!$F$2,'บันทึกของเข้า-ออก'!$I:$I,"<="&สรุป!$G$2)-SUMIFS('บันทึกของเข้า-ออก'!$E:$E,'บันทึกของเข้า-ออก'!$B:$B,สรุป!$C52,'บันทึกของเข้า-ออก'!$F:$F,สรุป!G$5,'บันทึกของเข้า-ออก'!$D:$D,">="&สรุป!$F$2,'บันทึกของเข้า-ออก'!$D:$D,"<="&สรุป!$G$2) -> 0 | H52: =AA52+SUMIFS('บันทึกของเข้า-ออก'!$J:$J,'บันทึกของเข้า-ออก'!$B:$B,สรุป!$C52,'บันทึกของเข้า-ออก'!$L:$L,สรุป!H$5,'บันทึกของเข้า-ออก'!$I:$I,">="&สรุป!$F$2,'บันทึกของเข้า-ออก'!$I:$I,"<="&สรุป!$G$2)-SUMIFS('บันทึกของเข้า-ออก'!$E:$E,'บันทึกของเข้า-ออก'!$B:$B,สรุป!$C52,'บันทึกของเข้า-ออก'!$F:$F,สรุป!H$5,'บันทึกของเข้า-ออก'!$D:$D,">="&สรุป!$F$2,'บันทึกของเข้า-ออก'!$D:$D,"<="&สรุป!$G$2) -> 0 | I52: =AB52+SUMIFS('บันทึกของเข้า-ออก'!$J:$J,'บันทึกของเข้า-ออก'!$B:$B,สรุป!$C52,'บันทึกของเข้า-ออก'!$L:$L,สรุป!I$5,'บันทึกของเข้า-ออก'!$I:$I,">="&สรุป!$F$2,'บันทึกของเข้า-ออก'!$I:$I,"<="&สรุป!$G$2)-SUMIFS('บันทึกของเข้า-ออก'!$E:$E,'บันทึกของเข้า-ออก'!$B:$B,สรุป!$C52,'บันทึกของเข้า-ออก'!$F:$F,สรุป!I$5,'บันทึกของเข้า-ออก'!$D:$D,">="&สรุป!$F$2,'บันทึกของเข้า-ออก'!$D:$D,"<="&สรุป!$G$2) -> 3 | J52: =AC52+SUMIFS('บันทึกของเข้า-ออก'!$J:$J,'บันทึกของเข้า-ออก'!$B:$B,สรุป!$C52,'บันทึกของเข้า-ออก'!$L:$L,สรุป!J$5,'บันทึกของเข้า-ออก'!$I:$I,">="&สรุป!$F$2,'บันทึกของเข้า-ออก'!$I:$I,"<="&สรุป!$G$2)-SUMIFS('บันทึกของเข้า-ออก'!$E:$E,'บันทึกของเข้า-ออก'!$B:$B,สรุป!$C52,'บันทึกของเข้า-ออก'!$F:$F,สรุป!J$5,'บันทึกของเข้า-ออก'!$D:$D,">="&สรุป!$F$2,'บันทึกของเข้า-ออก'!$D:$D,"<="&สรุป!$G$2) -> 0 | K52: =AD52+SUMIFS('บันทึกของเข้า-ออก'!$J:$J,'บันทึกของเข้า-ออก'!$B:$B,สรุป!$C52,'บันทึกของเข้า-ออก'!$L:$L,สรุป!K$5,'บันทึกของเข้า-ออก'!$I:$I,">="&สรุป!$F$2,'บันทึกของเข้า-ออก'!$I:$I,"<="&สรุป!$G$2)-SUMIFS('บันทึกของเข้า-ออก'!$E:$E,'บันทึกของเข้า-ออก'!$B:$B,สรุป!$C52,'บันทึกของเข้า-ออก'!$F:$F,สรุป!K$5,'บันทึกของเข้า-ออก'!$D:$D,">="&สรุป!$F$2,'บันทึกของเข้า-ออก'!$D:$D,"<="&สรุป!$G$2) -> 0 | L52: =AE52+SUMIFS('บันทึกของเข้า-ออก'!$J:$J,'บันทึกของเข้า-ออก'!$B:$B,สรุป!$C52,'บันทึกของเข้า-ออก'!$L:$L,สรุป!L$5,'บันทึกของเข้า-ออก'!$I:$I,">="&สรุป!$F$2,'บันทึกของเข้า-ออก'!$I:$I,"<="&สรุป!$G$2)-SUMIFS('บันทึกของเข้า-ออก'!$E:$E,'บันทึกของเข้า-ออก'!$B:$B,สรุป!$C52,'บันทึกของเข้า-ออก'!$F:$F,สรุป!L$5,'บันทึกของเข้า-ออก'!$D:$D,">="&สรุป!$F$2,'บันทึกของเข้า-ออก'!$D:$D,"<="&สรุป!$G$2) -> 0 | M52: =AF52+SUMIFS('บันทึกของเข้า-ออก'!$J:$J,'บันทึกของเข้า-ออก'!$B:$B,สรุป!$C52,'บันทึกของเข้า-ออก'!$L:$L,สรุป!M$5,'บันทึกของเข้า-ออก'!$I:$I,">="&สรุป!$F$2,'บันทึกของเข้า-ออก'!$I:$I,"<="&สรุป!$G$2)-SUMIFS('บันทึกของเข้า-ออก'!$E:$E,'บันทึกของเข้า-ออก'!$B:$B,สรุป!$C52,'บันทึกของเข้า-ออก'!$F:$F,สรุป!M$5,'บันทึกของเข้า-ออก'!$D:$D,">="&สรุป!$F$2,'บันทึกของเข้า-ออก'!$D:$D,"<="&สรุป!$G$2) -> 0 | ... R52: =AK52+SUMIFS('บันทึกของเข้า-ออก'!$J:$J,'บันทึกของเข้า-ออก'!$B:$B,สรุป!$C52,'บันทึกของเข้า-ออก'!$L:$L,สรุป!R$5,'บันทึกของเข้า-ออก'!$I:$I,">="&สรุป!$F$2,'บันทึกของเข้า-ออก'!$I:$I,"<="&สรุป!$G$2)-SUMIFS('บันทึกของเข้า-ออก'!$E:$E,'บันทึกของเข้า-ออก'!$B:$B,สรุป!$C52,'บันทึกของเข้า-ออก'!$F:$F,สรุป!R$5,'บันทึกของเข้า-ออก'!$D:$D,">="&สรุป!$F$2,'บันทึกของเข้า-ออก'!$D:$D,"<="&สรุป!$G$2) -> 0 | V52: =C52 -> เหล็กกล่อง 2"x4" เศษ 3-4 ม. | W52: 3 | X52: เส้น | Y52: 0 | Z52: 0 | AA52: 0 | AB52: 3 | AC52: 0 | AD52: 0 | AE52: 0 | AF52: 0 | AG52: 0 | AH52: 0 | AI52: 0 | AJ52: 0 | AK52: 0
B53: เหล็กรูปพรรณ | C53: เหล็กกล่อง 2*4 ยาว 6 ม. | D53: =SUMIF(F53:T53,">0") -> 3 | E53: เส้น | F53: =Y53+SUMIFS('บันทึกของเข้า-ออก'!$J:$J,'บันทึกของเข้า-ออก'!$B:$B,สรุป!$C53,'บันทึกของเข้า-ออก'!$L:$L,สรุป!F$5,'บันทึกของเข้า-ออก'!$I:$I,">="&สรุป!$F$2,'บันทึกของเข้า-ออก'!$I:$I,"<="&สรุป!$G$2)-SUMIFS('บันทึกของเข้า-ออก'!$E:$E,'บันทึกของเข้า-ออก'!$B:$B,สรุป!$C53,'บันทึกของเข้า-ออก'!$F:$F,สรุป!F$5,'บันทึกของเข้า-ออก'!$D:$D,">="&สรุป!$F$2,'บันทึกของเข้า-ออก'!$D:$D,"<="&สรุป!$G$2) -> 0 | G53: =Z53+SUMIFS('บันทึกของเข้า-ออก'!$J:$J,'บันทึกของเข้า-ออก'!$B:$B,สรุป!$C53,'บันทึกของเข้า-ออก'!$L:$L,สรุป!G$5,'บันทึกของเข้า-ออก'!$I:$I,">="&สรุป!$F$2,'บันทึกของเข้า-ออก'!$I:$I,"<="&สรุป!$G$2)-SUMIFS('บันทึกของเข้า-ออก'!$E:$E,'บันทึกของเข้า-ออก'!$B:$B,สรุป!$C53,'บันทึกของเข้า-ออก'!$F:$F,สรุป!G$5,'บันทึกของเข้า-ออก'!$D:$D,">="&สรุป!$F$2,'บันทึกของเข้า-ออก'!$D:$D,"<="&สรุป!$G$2) -> 0 | H53: =AA53+SUMIFS('บันทึกของเข้า-ออก'!$J:$J,'บันทึกของเข้า-ออก'!$B:$B,สรุป!$C53,'บันทึกของเข้า-ออก'!$L:$L,สรุป!H$5,'บันทึกของเข้า-ออก'!$I:$I,">="&สรุป!$F$2,'บันทึกของเข้า-ออก'!$I:$I,"<="&สรุป!$G$2)-SUMIFS('บันทึกของเข้า-ออก'!$E:$E,'บันทึกของเข้า-ออก'!$B:$B,สรุป!$C53,'บันทึกของเข้า-ออก'!$F:$F,สรุป!H$5,'บันทึกของเข้า-ออก'!$D:$D,">="&สรุป!$F$2,'บันทึกของเข้า-ออก'!$D:$D,"<="&สรุป!$G$2) -> 0 | I53: =AB53+SUMIFS('บันทึกของเข้า-ออก'!$J:$J,'บันทึกของเข้า-ออก'!$B:$B,สรุป!$C53,'บันทึกของเข้า-ออก'!$L:$L,สรุป!I$5,'บันทึกของเข้า-ออก'!$I:$I,">="&สรุป!$F$2,'บันทึกของเข้า-ออก'!$I:$I,"<="&สรุป!$G$2)-SUMIFS('บันทึกของเข้า-ออก'!$E:$E,'บันทึกของเข้า-ออก'!$B:$B,สรุป!$C53,'บันทึกของเข้า-ออก'!$F:$F,สรุป!I$5,'บันทึกของเข้า-ออก'!$D:$D,">="&สรุป!$F$2,'บันทึกของเข้า-ออก'!$D:$D,"<="&สรุป!$G$2) -> 3 | J53: =AC53+SUMIFS('บันทึกของเข้า-ออก'!$J:$J,'บันทึกของเข้า-ออก'!$B:$B,สรุป!$C53,'บันทึกของเข้า-ออก'!$L:$L,สรุป!J$5,'บันทึกของเข้า-ออก'!$I:$I,">="&สรุป!$F$2,'บันทึกของเข้า-ออก'!$I:$I,"<="&สรุป!$G$2)-SUMIFS('บันทึกของเข้า-ออก'!$E:$E,'บันทึกของเข้า-ออก'!$B:$B,สรุป!$C53,'บันทึกของเข้า-ออก'!$F:$F,สรุป!J$5,'บันทึกของเข้า-ออก'!$D:$D,">="&สรุป!$F$2,'บันทึกของเข้า-ออก'!$D:$D,"<="&สรุป!$G$2) -> 0 | K53: =AD53+SUMIFS('บันทึกของเข้า-ออก'!$J:$J,'บันทึกของเข้า-ออก'!$B:$B,สรุป!$C53,'บันทึกของเข้า-ออก'!$L:$L,สรุป!K$5,'บันทึกของเข้า-ออก'!$I:$I,">="&สรุป!$F$2,'บันทึกของเข้า-ออก'!$I:$I,"<="&สรุป!$G$2)-SUMIFS('บันทึกของเข้า-ออก'!$E:$E,'บันทึกของเข้า-ออก'!$B:$B,สรุป!$C53,'บันทึกของเข้า-ออก'!$F:$F,สรุป!K$5,'บันทึกของเข้า-ออก'!$D:$D,">="&สรุป!$F$2,'บันทึกของเข้า-ออก'!$D:$D,"<="&สรุป!$G$2) -> 0 | L53: =AE53+SUMIFS('บันทึกของเข้า-ออก'!$J:$J,'บันทึกของเข้า-ออก'!$B:$B,สรุป!$C53,'บันทึกของเข้า-ออก'!$L:$L,สรุป!L$5,'บันทึกของเข้า-ออก'!$I:$I,">="&สรุป!$F$2,'บันทึกของเข้า-ออก'!$I:$I,"<="&สรุป!$G$2)-SUMIFS('บันทึกของเข้า-ออก'!$E:$E,'บันทึกของเข้า-ออก'!$B:$B,สรุป!$C53,'บันทึกของเข้า-ออก'!$F:$F,สรุป!L$5,'บันทึกของเข้า-ออก'!$D:$D,">="&สรุป!$F$2,'บันทึกของเข้า-ออก'!$D:$D,"<="&สรุป!$G$2) -> 0 | M53: =AF53+SUMIFS('บันทึกของเข้า-ออก'!$J:$J,'บันทึกของเข้า-ออก'!$B:$B,สรุป!$C53,'บันทึกของเข้า-ออก'!$L:$L,สรุป!M$5,'บันทึกของเข้า-ออก'!$I:$I,">="&สรุป!$F$2,'บันทึกของเข้า-ออก'!$I:$I,"<="&สรุป!$G$2)-SUMIFS('บันทึกของเข้า-ออก'!$E:$E,'บันทึกของเข้า-ออก'!$B:$B,สรุป!$C53,'บันทึกของเข้า-ออก'!$F:$F,สรุป!M$5,'บันทึกของเข้า-ออก'!$D:$D,">="&สรุป!$F$2,'บันทึกของเข้า-ออก'!$D:$D,"<="&สรุป!$G$2) -> 0 | ... R53: =AK53+SUMIFS('บันทึกของเข้า-ออก'!$J:$J,'บันทึกของเข้า-ออก'!$B:$B,สรุป!$C53,'บันทึกของเข้า-ออก'!$L:$L,สรุป!R$5,'บันทึกของเข้า-ออก'!$I:$I,">="&สรุป!$F$2,'บันทึกของเข้า-ออก'!$I:$I,"<="&สรุป!$G$2)-SUMIFS('บันทึกของเข้า-ออก'!$E:$E,'บันทึกของเข้า-ออก'!$B:$B,สรุป!$C53,'บันทึกของเข้า-ออก'!$F:$F,สรุป!R$5,'บันทึกของเข้า-ออก'!$D:$D,">="&สรุป!$F$2,'บันทึกของเข้า-ออก'!$D:$D,"<="&สรุป!$G$2) -> 0 | V53: =C53 -> เหล็กกล่อง 2*4 ยาว 6 ม. | W53: 4 | X53: เส้น | Y53: 0 | Z53: 0 | AA53: 0 | AB53: 3 | AC53: 0 | AD53: 0 | AE53: 0 | AF53: 0 | AG53: 0 | AH53: 0 | AI53: 0 | AJ53: 0 | AK53: 0
B54: เหล็กรูปพรรณ | C54: เหล็กกล่อง 2*8 ยาว 6 ม. | D54: =SUMIF(F54:T54,">0") -> 2 | E54: เส้น | F54: =Y54+SUMIFS('บันทึกของเข้า-ออก'!$J:$J,'บันทึกของเข้า-ออก'!$B:$B,สรุป!$C54,'บันทึกของเข้า-ออก'!$L:$L,สรุป!F$5,'บันทึกของเข้า-ออก'!$I:$I,">="&สรุป!$F$2,'บันทึกของเข้า-ออก'!$I:$I,"<="&สรุป!$G$2)-SUMIFS('บันทึกของเข้า-ออก'!$E:$E,'บันทึกของเข้า-ออก'!$B:$B,สรุป!$C54,'บันทึกของเข้า-ออก'!$F:$F,สรุป!F$5,'บันทึกของเข้า-ออก'!$D:$D,">="&สรุป!$F$2,'บันทึกของเข้า-ออก'!$D:$D,"<="&สรุป!$G$2) -> 0 | G54: =Z54+SUMIFS('บันทึกของเข้า-ออก'!$J:$J,'บันทึกของเข้า-ออก'!$B:$B,สรุป!$C54,'บันทึกของเข้า-ออก'!$L:$L,สรุป!G$5,'บันทึกของเข้า-ออก'!$I:$I,">="&สรุป!$F$2,'บันทึกของเข้า-ออก'!$I:$I,"<="&สรุป!$G$2)-SUMIFS('บันทึกของเข้า-ออก'!$E:$E,'บันทึกของเข้า-ออก'!$B:$B,สรุป!$C54,'บันทึกของเข้า-ออก'!$F:$F,สรุป!G$5,'บันทึกของเข้า-ออก'!$D:$D,">="&สรุป!$F$2,'บันทึกของเข้า-ออก'!$D:$D,"<="&สรุป!$G$2) -> 0 | H54: =AA54+SUMIFS('บันทึกของเข้า-ออก'!$J:$J,'บันทึกของเข้า-ออก'!$B:$B,สรุป!$C54,'บันทึกของเข้า-ออก'!$L:$L,สรุป!H$5,'บันทึกของเข้า-ออก'!$I:$I,">="&สรุป!$F$2,'บันทึกของเข้า-ออก'!$I:$I,"<="&สรุป!$G$2)-SUMIFS('บันทึกของเข้า-ออก'!$E:$E,'บันทึกของเข้า-ออก'!$B:$B,สรุป!$C54,'บันทึกของเข้า-ออก'!$F:$F,สรุป!H$5,'บันทึกของเข้า-ออก'!$D:$D,">="&สรุป!$F$2,'บันทึกของเข้า-ออก'!$D:$D,"<="&สรุป!$G$2) -> 0 | I54: =AB54+SUMIFS('บันทึกของเข้า-ออก'!$J:$J,'บันทึกของเข้า-ออก'!$B:$B,สรุป!$C54,'บันทึกของเข้า-ออก'!$L:$L,สรุป!I$5,'บันทึกของเข้า-ออก'!$I:$I,">="&สรุป!$F$2,'บันทึกของเข้า-ออก'!$I:$I,"<="&สรุป!$G$2)-SUMIFS('บันทึกของเข้า-ออก'!$E:$E,'บันทึกของเข้า-ออก'!$B:$B,สรุป!$C54,'บันทึกของเข้า-ออก'!$F:$F,สรุป!I$5,'บันทึกของเข้า-ออก'!$D:$D,">="&สรุป!$F$2,'บันทึกของเข้า-ออก'!$D:$D,"<="&สรุป!$G$2) -> 2 | J54: =AC54+SUMIFS('บันทึกของเข้า-ออก'!$J:$J,'บันทึกของเข้า-ออก'!$B:$B,สรุป!$C54,'บันทึกของเข้า-ออก'!$L:$L,สรุป!J$5,'บันทึกของเข้า-ออก'!$I:$I,">="&สรุป!$F$2,'บันทึกของเข้า-ออก'!$I:$I,"<="&สรุป!$G$2)-SUMIFS('บันทึกของเข้า-ออก'!$E:$E,'บันทึกของเข้า-ออก'!$B:$B,สรุป!$C54,'บันทึกของเข้า-ออก'!$F:$F,สรุป!J$5,'บันทึกของเข้า-ออก'!$D:$D,">="&สรุป!$F$2,'บันทึกของเข้า-ออก'!$D:$D,"<="&สรุป!$G$2) -> 0 | K54: =AD54+SUMIFS('บันทึกของเข้า-ออก'!$J:$J,'บันทึกของเข้า-ออก'!$B:$B,สรุป!$C54,'บันทึกของเข้า-ออก'!$L:$L,สรุป!K$5,'บันทึกของเข้า-ออก'!$I:$I,">="&สรุป!$F$2,'บันทึกของเข้า-ออก'!$I:$I,"<="&สรุป!$G$2)-SUMIFS('บันทึกของเข้า-ออก'!$E:$E,'บันทึกของเข้า-ออก'!$B:$B,สรุป!$C54,'บันทึกของเข้า-ออก'!$F:$F,สรุป!K$5,'บันทึกของเข้า-ออก'!$D:$D,">="&สรุป!$F$2,'บันทึกของเข้า-ออก'!$D:$D,"<="&สรุป!$G$2) -> 0 | L54: =AE54+SUMIFS('บันทึกของเข้า-ออก'!$J:$J,'บันทึกของเข้า-ออก'!$B:$B,สรุป!$C54,'บันทึกของเข้า-ออก'!$L:$L,สรุป!L$5,'บันทึกของเข้า-ออก'!$I:$I,">="&สรุป!$F$2,'บันทึกของเข้า-ออก'!$I:$I,"<="&สรุป!$G$2)-SUMIFS('บันทึกของเข้า-ออก'!$E:$E,'บันทึกของเข้า-ออก'!$B:$B,สรุป!$C54,'บันทึกของเข้า-ออก'!$F:$F,สรุป!L$5,'บันทึกของเข้า-ออก'!$D:$D,">="&สรุป!$F$2,'บันทึกของเข้า-ออก'!$D:$D,"<="&สรุป!$G$2) -> 0 | M54: =AF54+SUMIFS('บันทึกของเข้า-ออก'!$J:$J,'บันทึกของเข้า-ออก'!$B:$B,สรุป!$C54,'บันทึกของเข้า-ออก'!$L:$L,สรุป!M$5,'บันทึกของเข้า-ออก'!$I:$I,">="&สรุป!$F$2,'บันทึกของเข้า-ออก'!$I:$I,"<="&สรุป!$G$2)-SUMIFS('บันทึกของเข้า-ออก'!$E:$E,'บันทึกของเข้า-ออก'!$B:$B,สรุป!$C54,'บันทึกของเข้า-ออก'!$F:$F,สรุป!M$5,'บันทึกของเข้า-ออก'!$D:$D,">="&สรุป!$F$2,'บันทึกของเข้า-ออก'!$D:$D,"<="&สรุป!$G$2) -> 0 | ... R54: =AK54+SUMIFS('บันทึกของเข้า-ออก'!$J:$J,'บันทึกของเข้า-ออก'!$B:$B,สรุป!$C54,'บันทึกของเข้า-ออก'!$L:$L,สรุป!R$5,'บันทึกของเข้า-ออก'!$I:$I,">="&สรุป!$F$2,'บันทึกของเข้า-ออก'!$I:$I,"<="&สรุป!$G$2)-SUMIFS('บันทึกของเข้า-ออก'!$E:$E,'บันทึกของเข้า-ออก'!$B:$B,สรุป!$C54,'บันทึกของเข้า-ออก'!$F:$F,สรุป!R$5,'บันทึกของเข้า-ออก'!$D:$D,">="&สรุป!$F$2,'บันทึกของเข้า-ออก'!$D:$D,"<="&สรุป!$G$2) -> 0 | V54: =C54 -> เหล็กกล่อง 2*8 ยาว 6 ม. | W54: 2 | X54: เส้น | Y54: 0 | Z54: 0 | AA54: 0 | AB54: 2 | AC54: 0 | AD54: 0 | AE54: 0 | AF54: 0 | AG54: 0 | AH54: 0 | AI54: 0 | AJ54: 0 | AK54: 0
